Params, Params, Params, Params, Params, Params, Params, Params, Params, Params, Params, XY, XY, YX, YX
params_index, nonlinearity, noise_df, intervention, combination, intervention_shift, intervention_scale, pre_intervention, intervention_targets, n_samples, rep, X1, X2, X1, X2
0, id, 10, soft, additive, 2, 0, False, [None,0], 25, 0, 0.433, 0.0, 0.0, 0.741
0, id, 10, soft, additive, 2, 0, False, [None,0], 25, 1, 0.627, 0.0, 0.0, 0.114
0, id, 10, soft, additive, 2, 0, False, [None,0], 25, 2, 0.204, 0.0, 0.0, 0.891
0, id, 10, soft, additive, 2, 0, False, [None,0], 25, 3, 0.104, 0.0, 0.0, 0.856
0, id, 10, soft, additive, 2, 0, False, [None,0], 25, 4, 0.124, 0.004, 0.0, 0.433
0, id, 10, soft, additive, 2, 0, False, [None,0], 25, 5, 0.075, 0.003, 0.0, 0.418
0, id, 10, soft, additive, 2, 0, False, [None,0], 25, 6, 0.08, 0.001, 0.0, 0.821
0, id, 10, soft, additive, 2, 0, False, [None,0], 25, 7, 0.045, 0.002, 0.0, 0.801
0, id, 10, soft, additive, 2, 0, False, [None,0], 25, 8, 0.035, 0.0, 0.0, 0.378
0, id, 10, soft, additive, 2, 0, False, [None,0], 25, 9, 0.189, 0.001, 0.0, 0.627
0, id, 10, soft, additive, 2, 0, False, [None,0], 25, 10, 0.02, 0.0, 0.0, 0.229
0, id, 10, soft, additive, 2, 0, False, [None,0], 25, 11, 0.134, 0.004, 0.0, 0.886
0, id, 10, soft, additive, 2, 0, False, [None,0], 25, 12, 0.249, 0.03, 0.001, 0.682
0, id, 10, soft, additive, 2, 0, False, [None,0], 25, 13, 0.01, 0.0, 0.0, 0.881
0, id, 10, soft, additive, 2, 0, False, [None,0], 25, 14, 0.199, 0.001, 0.0, 0.065
0, id, 10, soft, additive, 2, 0, False, [None,0], 25, 15, 0.552, 0.0, 0.0, 0.045
0, id, 10, soft, additive, 2, 0, False, [None,0], 25, 16, 0.289, 0.0, 0.0, 0.716
0, id, 10, soft, additive, 2, 0, False, [None,0], 25, 17, 0.239, 0.0, 0.0, 0.657
0, id, 10, soft, additive, 2, 0, False, [None,0], 25, 18, 0.189, 0.0, 0.0, 0.164
0, id, 10, soft, additive, 2, 0, False, [None,0], 25, 19, 0.383, 0.0, 0.0, 0.806
0, id, 10, soft, additive, 2, 0, False, [None,0], 25, 20, 0.159, 0.001, 0.0, 0.846
0, id, 10, soft, additive, 2, 0, False, [None,0], 25, 21, 0.04, 0.0, 0.0, 0.811
0, id, 10, soft, additive, 2, 0, False, [None,0], 25, 22, 0.124, 0.0, 0.0, 0.612
0, id, 10, soft, additive, 2, 0, False, [None,0], 25, 23, 0.114, 0.001, 0.0, 0.935
0, id, 10, soft, additive, 2, 0, False, [None,0], 25, 24, 0.453, 0.0, 0.0, 0.896
0, id, 10, soft, additive, 2, 0, False, [None,0], 25, 25, 0.03, 0.001, 0.0, 0.448
0, id, 10, soft, additive, 2, 0, False, [None,0], 25, 26, 0.229, 0.0, 0.0, 0.672
0, id, 10, soft, additive, 2, 0, False, [None,0], 25, 27, 0.05, 0.0, 0.0, 0.229
0, id, 10, soft, additive, 2, 0, False, [None,0], 25, 28, 0.015, 0.001, 0.0, 0.791
0, id, 10, soft, additive, 2, 0, False, [None,0], 25, 29, 0.164, 0.005, 0.0, 0.965
0, id, 10, soft, additive, 2, 0, False, [None,0], 25, 30, 0.07, 0.069, 0.0, 0.07
0, id, 10, soft, additive, 2, 0, False, [None,0], 25, 31, 0.154, 0.0, 0.0, 0.886
0, id, 10, soft, additive, 2, 0, False, [None,0], 25, 32, 0.244, 0.0, 0.0, 0.851
0, id, 10, soft, additive, 2, 0, False, [None,0], 25, 33, 0.005, 0.115, 0.001, 0.398
0, id, 10, soft, additive, 2, 0, False, [None,0], 25, 34, 0.07, 0.001, 0.0, 0.169
0, id, 10, soft, additive, 2, 0, False, [None,0], 25, 35, 0.035, 0.0, 0.0, 0.478
0, id, 10, soft, additive, 2, 0, False, [None,0], 25, 36, 0.08, 0.0, 0.0, 0.124
0, id, 10, soft, additive, 2, 0, False, [None,0], 25, 37, 0.045, 0.005, 0.0, 0.527
0, id, 10, soft, additive, 2, 0, False, [None,0], 25, 38, 0.035, 0.0, 0.0, 0.095
0, id, 10, soft, additive, 2, 0, False, [None,0], 25, 39, 0.095, 0.001, 0.0, 0.94
0, id, 10, soft, additive, 2, 0, False, [None,0], 25, 40, 0.234, 0.001, 0.0, 0.154
0, id, 10, soft, additive, 2, 0, False, [None,0], 25, 41, 0.254, 0.0, 0.0, 0.025
0, id, 10, soft, additive, 2, 0, False, [None,0], 25, 42, 0.403, 0.001, 0.0, 0.721
0, id, 10, soft, additive, 2, 0, False, [None,0], 25, 43, 0.607, 0.0, 0.0, 0.229
0, id, 10, soft, additive, 2, 0, False, [None,0], 25, 44, 0.1, 0.0, 0.0, 0.607
0, id, 10, soft, additive, 2, 0, False, [None,0], 25, 45, 0.194, 0.0, 0.0, 0.821
0, id, 10, soft, additive, 2, 0, False, [None,0], 25, 46, 0.025, 0.0, 0.0, 0.164
0, id, 10, soft, additive, 2, 0, False, [None,0], 25, 47, 0.025, 0.0, 0.0, 0.338
0, id, 10, soft, additive, 2, 0, False, [None,0], 25, 48, 0.104, 0.0, 0.0, 0.726
0, id, 10, soft, additive, 2, 0, False, [None,0], 25, 49, 0.03, 0.0, 0.0, 0.174
0, id, 10, soft, additive, 2, 0, False, [None,0], 25, 50, 0.01, 0.066, 0.0, 0.706
0, id, 10, soft, additive, 2, 0, False, [None,0], 25, 51, 0.572, 0.0, 0.0, 0.04
0, id, 10, soft, additive, 2, 0, False, [None,0], 25, 52, 0.005, 0.001, 0.0, 0.353
0, id, 10, soft, additive, 2, 0, False, [None,0], 25, 53, 0.303, 0.006, 0.0, 0.776
0, id, 10, soft, additive, 2, 0, False, [None,0], 25, 54, 0.06, 0.002, 0.0, 0.373
0, id, 10, soft, additive, 2, 0, False, [None,0], 25, 55, 0.264, 0.0, 0.0, 0.672
0, id, 10, soft, additive, 2, 0, False, [None,0], 25, 56, 0.473, 0.0, 0.0, 0.284
0, id, 10, soft, additive, 2, 0, False, [None,0], 25, 57, 0.104, 0.0, 0.0, 0.323
0, id, 10, soft, additive, 2, 0, False, [None,0], 25, 58, 0.035, 0.0, 0.0, 0.731
0, id, 10, soft, additive, 2, 0, False, [None,0], 25, 59, 0.114, 0.0, 0.0, 0.517
0, id, 10, soft, additive, 2, 0, False, [None,0], 25, 60, 0.095, 0.0, 0.0, 0.537
0, id, 10, soft, additive, 2, 0, False, [None,0], 25, 61, 0.224, 0.001, 0.0, 0.706
0, id, 10, soft, additive, 2, 0, False, [None,0], 25, 62, 0.04, 0.002, 0.0, 0.831
0, id, 10, soft, additive, 2, 0, False, [None,0], 25, 63, 0.229, 0.001, 0.0, 0.721
0, id, 10, soft, additive, 2, 0, False, [None,0], 25, 64, 0.07, 0.069, 0.001, 0.577
0, id, 10, soft, additive, 2, 0, False, [None,0], 25, 65, 0.08, 0.0, 0.0, 0.308
0, id, 10, soft, additive, 2, 0, False, [None,0], 25, 66, 0.109, 0.0, 0.0, 0.721
0, id, 10, soft, additive, 2, 0, False, [None,0], 25, 67, 0.02, 0.0, 0.0, 0.139
0, id, 10, soft, additive, 2, 0, False, [None,0], 25, 68, 0.144, 0.001, 0.0, 0.826
0, id, 10, soft, additive, 2, 0, False, [None,0], 25, 69, 0.164, 0.001, 0.0, 0.851
0, id, 10, soft, additive, 2, 0, False, [None,0], 25, 70, 0.279, 0.0, 0.0, 0.318
0, id, 10, soft, additive, 2, 0, False, [None,0], 25, 71, 0.104, 0.0, 0.0, 0.851
0, id, 10, soft, additive, 2, 0, False, [None,0], 25, 72, 0.065, 0.001, 0.0, 0.224
0, id, 10, soft, additive, 2, 0, False, [None,0], 25, 73, 0.134, 0.0, 0.0, 0.99
0, id, 10, soft, additive, 2, 0, False, [None,0], 25, 74, 0.045, 0.0, 0.0, 0.751
0, id, 10, soft, additive, 2, 0, False, [None,0], 25, 75, 0.184, 0.0, 0.0, 0.443
0, id, 10, soft, additive, 2, 0, False, [None,0], 25, 76, 0.02, 0.001, 0.0, 0.204
0, id, 10, soft, additive, 2, 0, False, [None,0], 25, 77, 0.353, 0.0, 0.0, 0.363
0, id, 10, soft, additive, 2, 0, False, [None,0], 25, 78, 0.06, 0.0, 0.0, 0.045
0, id, 10, soft, additive, 2, 0, False, [None,0], 25, 79, 0.095, 0.0, 0.0, 0.363
0, id, 10, soft, additive, 2, 0, False, [None,0], 25, 80, 0.433, 0.001, 0.0, 0.9
0, id, 10, soft, additive, 2, 0, False, [None,0], 25, 81, 0.1, 0.0, 0.0, 0.353
0, id, 10, soft, additive, 2, 0, False, [None,0], 25, 82, 0.254, 0.012, 0.0, 0.294
0, id, 10, soft, additive, 2, 0, False, [None,0], 25, 83, 0.408, 0.0, 0.0, 0.06
0, id, 10, soft, additive, 2, 0, False, [None,0], 25, 84, 0.164, 0.003, 0.0, 0.826
0, id, 10, soft, additive, 2, 0, False, [None,0], 25, 85, 0.224, 0.0, 0.0, 0.229
0, id, 10, soft, additive, 2, 0, False, [None,0], 25, 86, 0.119, 0.001, 0.0, 0.965
0, id, 10, soft, additive, 2, 0, False, [None,0], 25, 87, 0.07, 0.001, 0.0, 0.229
0, id, 10, soft, additive, 2, 0, False, [None,0], 25, 88, 0.229, 0.0, 0.0, 0.557
0, id, 10, soft, additive, 2, 0, False, [None,0], 25, 89, 0.075, 0.0, 0.0, 0.697
0, id, 10, soft, additive, 2, 0, False, [None,0], 25, 90, 0.667, 0.0, 0.0, 0.861
0, id, 10, soft, additive, 2, 0, False, [None,0], 25, 91, 0.07, 0.0, 0.0, 0.861
0, id, 10, soft, additive, 2, 0, False, [None,0], 25, 92, 0.124, 0.0, 0.0, 0.891
0, id, 10, soft, additive, 2, 0, False, [None,0], 25, 93, 0.174, 0.0, 0.0, 0.687
0, id, 10, soft, additive, 2, 0, False, [None,0], 25, 94, 0.338, 0.001, 0.0, 0.672
0, id, 10, soft, additive, 2, 0, False, [None,0], 25, 95, 0.209, 0.001, 0.0, 0.821
0, id, 10, soft, additive, 2, 0, False, [None,0], 25, 96, 0.249, 0.0, 0.0, 0.328
0, id, 10, soft, additive, 2, 0, False, [None,0], 25, 97, 0.164, 0.0, 0.0, 0.259
0, id, 10, soft, additive, 2, 0, False, [None,0], 25, 98, 0.368, 0.0, 0.0, 0.284
0, id, 10, soft, additive, 2, 0, False, [None,0], 25, 99, 0.537, 0.0, 0.0, 0.07
0, id, 10, soft, additive, 2, 0, False, [None,0], 50, 0, 0.463, 0.0, 0.0, 0.692
0, id, 10, soft, additive, 2, 0, False, [None,0], 50, 1, 0.095, 0.0, 0.0, 0.796
0, id, 10, soft, additive, 2, 0, False, [None,0], 50, 2, 0.214, 0.0, 0.0, 0.413
0, id, 10, soft, additive, 2, 0, False, [None,0], 50, 3, 0.025, 0.0, 0.0, 0.592
0, id, 10, soft, additive, 2, 0, False, [None,0], 50, 4, 0.055, 0.0, 0.0, 0.204
0, id, 10, soft, additive, 2, 0, False, [None,0], 50, 5, 0.045, 0.0, 0.0, 0.174
0, id, 10, soft, additive, 2, 0, False, [None,0], 50, 6, 0.657, 0.0, 0.0, 0.219
0, id, 10, soft, additive, 2, 0, False, [None,0], 50, 7, 0.214, 0.0, 0.0, 0.463
0, id, 10, soft, additive, 2, 0, False, [None,0], 50, 8, 0.149, 0.0, 0.0, 0.204
0, id, 10, soft, additive, 2, 0, False, [None,0], 50, 9, 0.01, 0.0, 0.0, 0.935
0, id, 10, soft, additive, 2, 0, False, [None,0], 50, 10, 0.03, 0.001, 0.0, 0.721
0, id, 10, soft, additive, 2, 0, False, [None,0], 50, 11, 0.149, 0.0, 0.0, 0.139
0, id, 10, soft, additive, 2, 0, False, [None,0], 50, 12, 0.095, 0.0, 0.0, 0.607
0, id, 10, soft, additive, 2, 0, False, [None,0], 50, 13, 0.045, 0.0, 0.0, 0.697
0, id, 10, soft, additive, 2, 0, False, [None,0], 50, 14, 0.199, 0.0, 0.0, 0.791
0, id, 10, soft, additive, 2, 0, False, [None,0], 50, 15, 0.139, 0.0, 0.0, 0.174
0, id, 10, soft, additive, 2, 0, False, [None,0], 50, 16, 0.129, 0.0, 0.0, 0.468
0, id, 10, soft, additive, 2, 0, False, [None,0], 50, 17, 0.234, 0.0, 0.0, 0.592
0, id, 10, soft, additive, 2, 0, False, [None,0], 50, 18, 0.075, 0.0, 0.0, 0.637
0, id, 10, soft, additive, 2, 0, False, [None,0], 50, 19, 0.05, 0.0, 0.0, 0.363
0, id, 10, soft, additive, 2, 0, False, [None,0], 50, 20, 0.299, 0.0, 0.0, 0.368
0, id, 10, soft, additive, 2, 0, False, [None,0], 50, 21, 0.01, 0.0, 0.0, 0.721
0, id, 10, soft, additive, 2, 0, False, [None,0], 50, 22, 0.214, 0.0, 0.0, 0.547
0, id, 10, soft, additive, 2, 0, False, [None,0], 50, 23, 0.333, 0.0, 0.0, 0.851
0, id, 10, soft, additive, 2, 0, False, [None,0], 50, 24, 0.06, 0.0, 0.0, 0.219
0, id, 10, soft, additive, 2, 0, False, [None,0], 50, 25, 0.075, 0.0, 0.0, 0.816
0, id, 10, soft, additive, 2, 0, False, [None,0], 50, 26, 0.085, 0.0, 0.0, 0.313
0, id, 10, soft, additive, 2, 0, False, [None,0], 50, 27, 0.657, 0.0, 0.0, 0.363
0, id, 10, soft, additive, 2, 0, False, [None,0], 50, 28, 0.07, 0.002, 0.0, 0.716
0, id, 10, soft, additive, 2, 0, False, [None,0], 50, 29, 0.085, 0.0, 0.0, 0.896
0, id, 10, soft, additive, 2, 0, False, [None,0], 50, 30, 0.08, 0.0, 0.0, 0.647
0, id, 10, soft, additive, 2, 0, False, [None,0], 50, 31, 0.204, 0.0, 0.0, 0.612
0, id, 10, soft, additive, 2, 0, False, [None,0], 50, 32, 0.104, 0.0, 0.0, 0.796
0, id, 10, soft, additive, 2, 0, False, [None,0], 50, 33, 0.104, 0.0, 0.0, 0.96
0, id, 10, soft, additive, 2, 0, False, [None,0], 50, 34, 0.02, 0.0, 0.0, 0.806
0, id, 10, soft, additive, 2, 0, False, [None,0], 50, 35, 0.07, 0.0, 0.0, 0.796
0, id, 10, soft, additive, 2, 0, False, [None,0], 50, 36, 0.104, 0.0, 0.0, 0.721
0, id, 10, soft, additive, 2, 0, False, [None,0], 50, 37, 0.06, 0.0, 0.0, 0.498
0, id, 10, soft, additive, 2, 0, False, [None,0], 50, 38, 0.199, 0.0, 0.0, 0.423
0, id, 10, soft, additive, 2, 0, False, [None,0], 50, 39, 0.075, 0.0, 0.0, 0.766
0, id, 10, soft, additive, 2, 0, False, [None,0], 50, 40, 0.045, 0.001, 0.0, 0.881
0, id, 10, soft, additive, 2, 0, False, [None,0], 50, 41, 0.174, 0.0, 0.0, 0.95
0, id, 10, soft, additive, 2, 0, False, [None,0], 50, 42, 0.473, 0.0, 0.0, 0.299
0, id, 10, soft, additive, 2, 0, False, [None,0], 50, 43, 0.08, 0.0, 0.0, 0.368
0, id, 10, soft, additive, 2, 0, False, [None,0], 50, 44, 0.204, 0.0, 0.0, 0.836
0, id, 10, soft, additive, 2, 0, False, [None,0], 50, 45, 0.104, 0.0, 0.0, 0.428
0, id, 10, soft, additive, 2, 0, False, [None,0], 50, 46, 0.144, 0.0, 0.0, 0.801
0, id, 10, soft, additive, 2, 0, False, [None,0], 50, 47, 0.025, 0.0, 0.0, 0.189
0, id, 10, soft, additive, 2, 0, False, [None,0], 50, 48, 0.03, 0.0, 0.0, 0.91
0, id, 10, soft, additive, 2, 0, False, [None,0], 50, 49, 0.055, 0.0, 0.0, 0.104
0, id, 10, soft, additive, 2, 0, False, [None,0], 50, 50, 0.05, 0.0, 0.0, 0.413
0, id, 10, soft, additive, 2, 0, False, [None,0], 50, 51, 0.02, 0.0, 0.0, 0.224
0, id, 10, soft, additive, 2, 0, False, [None,0], 50, 52, 0.005, 0.0, 0.0, 0.313
0, id, 10, soft, additive, 2, 0, False, [None,0], 50, 53, 0.264, 0.0, 0.0, 0.338
0, id, 10, soft, additive, 2, 0, False, [None,0], 50, 54, 0.08, 0.0, 0.0, 0.672
0, id, 10, soft, additive, 2, 0, False, [None,0], 50, 55, 0.04, 0.0, 0.0, 0.408
0, id, 10, soft, additive, 2, 0, False, [None,0], 50, 56, 0.134, 0.0, 0.0, 0.572
0, id, 10, soft, additive, 2, 0, False, [None,0], 50, 57, 0.179, 0.0, 0.0, 0.721
0, id, 10, soft, additive, 2, 0, False, [None,0], 50, 58, 0.493, 0.0, 0.0, 0.9
0, id, 10, soft, additive, 2, 0, False, [None,0], 50, 59, 0.095, 0.0, 0.0, 0.095
0, id, 10, soft, additive, 2, 0, False, [None,0], 50, 60, 0.065, 0.0, 0.0, 0.204
0, id, 10, soft, additive, 2, 0, False, [None,0], 50, 61, 0.045, 0.0, 0.0, 0.458
0, id, 10, soft, additive, 2, 0, False, [None,0], 50, 62, 0.144, 0.0, 0.0, 0.299
0, id, 10, soft, additive, 2, 0, False, [None,0], 50, 63, 0.06, 0.0, 0.0, 0.468
0, id, 10, soft, additive, 2, 0, False, [None,0], 50, 64, 0.025, 0.0, 0.0, 0.468
0, id, 10, soft, additive, 2, 0, False, [None,0], 50, 65, 0.204, 0.0, 0.0, 0.368
0, id, 10, soft, additive, 2, 0, False, [None,0], 50, 66, 0.06, 0.0, 0.0, 0.498
0, id, 10, soft, additive, 2, 0, False, [None,0], 50, 67, 0.08, 0.0, 0.0, 0.498
0, id, 10, soft, additive, 2, 0, False, [None,0], 50, 68, 0.134, 0.0, 0.0, 0.333
0, id, 10, soft, additive, 2, 0, False, [None,0], 50, 69, 0.219, 0.0, 0.0, 0.915
0, id, 10, soft, additive, 2, 0, False, [None,0], 50, 70, 0.114, 0.0, 0.0, 0.448
0, id, 10, soft, additive, 2, 0, False, [None,0], 50, 71, 0.055, 0.0, 0.0, 0.905
0, id, 10, soft, additive, 2, 0, False, [None,0], 50, 72, 0.254, 0.0, 0.0, 0.97
0, id, 10, soft, additive, 2, 0, False, [None,0], 50, 73, 0.179, 0.0, 0.0, 0.507
0, id, 10, soft, additive, 2, 0, False, [None,0], 50, 74, 0.104, 0.0, 0.0, 0.896
0, id, 10, soft, additive, 2, 0, False, [None,0], 50, 75, 0.124, 0.0, 0.0, 0.94
0, id, 10, soft, additive, 2, 0, False, [None,0], 50, 76, 0.174, 0.0, 0.0, 0.886
0, id, 10, soft, additive, 2, 0, False, [None,0], 50, 77, 0.234, 0.0, 0.0, 0.871
0, id, 10, soft, additive, 2, 0, False, [None,0], 50, 78, 0.085, 0.0, 0.0, 0.527
0, id, 10, soft, additive, 2, 0, False, [None,0], 50, 79, 0.119, 0.0, 0.0, 0.771
0, id, 10, soft, additive, 2, 0, False, [None,0], 50, 80, 0.06, 0.0, 0.0, 0.373
0, id, 10, soft, additive, 2, 0, False, [None,0], 50, 81, 0.174, 0.0, 0.0, 0.254
0, id, 10, soft, additive, 2, 0, False, [None,0], 50, 82, 0.169, 0.0, 0.0, 0.771
0, id, 10, soft, additive, 2, 0, False, [None,0], 50, 83, 0.104, 0.0, 0.0, 0.517
0, id, 10, soft, additive, 2, 0, False, [None,0], 50, 84, 0.095, 0.0, 0.0, 0.517
0, id, 10, soft, additive, 2, 0, False, [None,0], 50, 85, 0.313, 0.0, 0.0, 0.881
0, id, 10, soft, additive, 2, 0, False, [None,0], 50, 86, 0.1, 0.0, 0.0, 0.557
0, id, 10, soft, additive, 2, 0, False, [None,0], 50, 87, 0.403, 0.0, 0.0, 0.567
0, id, 10, soft, additive, 2, 0, False, [None,0], 50, 88, 0.085, 0.0, 0.0, 0.886
0, id, 10, soft, additive, 2, 0, False, [None,0], 50, 89, 0.045, 0.0, 0.0, 0.607
0, id, 10, soft, additive, 2, 0, False, [None,0], 50, 90, 0.015, 0.0, 0.0, 0.751
0, id, 10, soft, additive, 2, 0, False, [None,0], 50, 91, 0.095, 0.0, 0.0, 0.249
0, id, 10, soft, additive, 2, 0, False, [None,0], 50, 92, 0.01, 0.0, 0.0, 0.035
0, id, 10, soft, additive, 2, 0, False, [None,0], 50, 93, 0.179, 0.0, 0.0, 0.861
0, id, 10, soft, additive, 2, 0, False, [None,0], 50, 94, 0.159, 0.001, 0.0, 0.035
0, id, 10, soft, additive, 2, 0, False, [None,0], 50, 95, 0.204, 0.0, 0.0, 0.677
0, id, 10, soft, additive, 2, 0, False, [None,0], 50, 96, 0.184, 0.0, 0.0, 0.552
0, id, 10, soft, additive, 2, 0, False, [None,0], 50, 97, 0.139, 0.0, 0.0, 0.945
0, id, 10, soft, additive, 2, 0, False, [None,0], 50, 98, 0.219, 0.0, 0.0, 0.846
0, id, 10, soft, additive, 2, 0, False, [None,0], 50, 99, 0.04, 0.0, 0.0, 0.204
0, id, 10, soft, additive, 2, 0, False, [None,0], 100, 0, 0.149, 0.0, 0.0, 0.264
0, id, 10, soft, additive, 2, 0, False, [None,0], 100, 1, 0.03, 0.0, 0.0, 0.284
0, id, 10, soft, additive, 2, 0, False, [None,0], 100, 2, 0.075, 0.0, 0.0, 0.244
0, id, 10, soft, additive, 2, 0, False, [None,0], 100, 3, 0.104, 0.0, 0.0, 0.856
0, id, 10, soft, additive, 2, 0, False, [None,0], 100, 4, 0.035, 0.0, 0.0, 0.209
0, id, 10, soft, additive, 2, 0, False, [None,0], 100, 5, 0.05, 0.0, 0.0, 0.896
0, id, 10, soft, additive, 2, 0, False, [None,0], 100, 6, 0.03, 0.0, 0.0, 0.95
0, id, 10, soft, additive, 2, 0, False, [None,0], 100, 7, 0.114, 0.0, 0.0, 0.99
0, id, 10, soft, additive, 2, 0, False, [None,0], 100, 8, 0.114, 0.0, 0.0, 0.348
0, id, 10, soft, additive, 2, 0, False, [None,0], 100, 9, 0.244, 0.0, 0.0, 0.761
0, id, 10, soft, additive, 2, 0, False, [None,0], 100, 10, 0.104, 0.0, 0.0, 0.199
0, id, 10, soft, additive, 2, 0, False, [None,0], 100, 11, 0.02, 0.0, 0.0, 0.99
0, id, 10, soft, additive, 2, 0, False, [None,0], 100, 12, 0.085, 0.0, 0.0, 0.886
0, id, 10, soft, additive, 2, 0, False, [None,0], 100, 13, 0.209, 0.0, 0.0, 0.682
0, id, 10, soft, additive, 2, 0, False, [None,0], 100, 14, 0.055, 0.0, 0.0, 0.856
0, id, 10, soft, additive, 2, 0, False, [None,0], 100, 15, 0.05, 0.0, 0.0, 0.682
0, id, 10, soft, additive, 2, 0, False, [None,0], 100, 16, 0.244, 0.0, 0.0, 0.985
0, id, 10, soft, additive, 2, 0, False, [None,0], 100, 17, 0.174, 0.0, 0.0, 0.642
0, id, 10, soft, additive, 2, 0, False, [None,0], 100, 18, 0.179, 0.0, 0.0, 0.313
0, id, 10, soft, additive, 2, 0, False, [None,0], 100, 19, 0.035, 0.0, 0.0, 0.607
0, id, 10, soft, additive, 2, 0, False, [None,0], 100, 20, 0.015, 0.0, 0.0, 0.896
0, id, 10, soft, additive, 2, 0, False, [None,0], 100, 21, 0.005, 0.0, 0.0, 0.761
0, id, 10, soft, additive, 2, 0, False, [None,0], 100, 22, 0.04, 0.0, 0.0, 0.488
0, id, 10, soft, additive, 2, 0, False, [None,0], 100, 23, 0.015, 0.0, 0.0, 0.935
0, id, 10, soft, additive, 2, 0, False, [None,0], 100, 24, 0.129, 0.0, 0.0, 0.846
0, id, 10, soft, additive, 2, 0, False, [None,0], 100, 25, 0.095, 0.0, 0.0, 0.323
0, id, 10, soft, additive, 2, 0, False, [None,0], 100, 26, 0.04, 0.0, 0.0, 0.328
0, id, 10, soft, additive, 2, 0, False, [None,0], 100, 27, 0.02, 0.0, 0.0, 0.353
0, id, 10, soft, additive, 2, 0, False, [None,0], 100, 28, 0.249, 0.0, 0.0, 0.498
0, id, 10, soft, additive, 2, 0, False, [None,0], 100, 29, 0.269, 0.0, 0.0, 0.801
0, id, 10, soft, additive, 2, 0, False, [None,0], 100, 30, 0.09, 0.0, 0.0, 0.821
0, id, 10, soft, additive, 2, 0, False, [None,0], 100, 31, 0.015, 0.0, 0.0, 0.627
0, id, 10, soft, additive, 2, 0, False, [None,0], 100, 32, 0.164, 0.0, 0.0, 0.662
0, id, 10, soft, additive, 2, 0, False, [None,0], 100, 33, 0.284, 0.0, 0.0, 0.801
0, id, 10, soft, additive, 2, 0, False, [None,0], 100, 34, 0.045, 0.0, 0.0, 0.423
0, id, 10, soft, additive, 2, 0, False, [None,0], 100, 35, 0.03, 0.0, 0.0, 0.831
0, id, 10, soft, additive, 2, 0, False, [None,0], 100, 36, 0.065, 0.0, 0.0, 0.065
0, id, 10, soft, additive, 2, 0, False, [None,0], 100, 37, 0.01, 0.0, 0.0, 0.458
0, id, 10, soft, additive, 2, 0, False, [None,0], 100, 38, 0.204, 0.0, 0.0, 0.632
0, id, 10, soft, additive, 2, 0, False, [None,0], 100, 39, 0.119, 0.0, 0.0, 0.333
0, id, 10, soft, additive, 2, 0, False, [None,0], 100, 40, 0.08, 0.0, 0.0, 0.95
0, id, 10, soft, additive, 2, 0, False, [None,0], 100, 41, 0.075, 0.0, 0.0, 0.169
0, id, 10, soft, additive, 2, 0, False, [None,0], 100, 42, 0.189, 0.0, 0.0, 0.542
0, id, 10, soft, additive, 2, 0, False, [None,0], 100, 43, 0.035, 0.0, 0.0, 0.751
0, id, 10, soft, additive, 2, 0, False, [None,0], 100, 44, 0.05, 0.0, 0.0, 0.692
0, id, 10, soft, additive, 2, 0, False, [None,0], 100, 45, 0.08, 0.0, 0.0, 0.418
0, id, 10, soft, additive, 2, 0, False, [None,0], 100, 46, 0.139, 0.0, 0.0, 0.522
0, id, 10, soft, additive, 2, 0, False, [None,0], 100, 47, 0.03, 0.0, 0.0, 0.9
0, id, 10, soft, additive, 2, 0, False, [None,0], 100, 48, 0.02, 0.0, 0.0, 0.488
0, id, 10, soft, additive, 2, 0, False, [None,0], 100, 49, 0.129, 0.0, 0.0, 0.955
0, id, 10, soft, additive, 2, 0, False, [None,0], 100, 50, 0.01, 0.0, 0.0, 0.388
0, id, 10, soft, additive, 2, 0, False, [None,0], 100, 51, 0.01, 0.0, 0.0, 0.647
0, id, 10, soft, additive, 2, 0, False, [None,0], 100, 52, 0.05, 0.0, 0.0, 0.846
0, id, 10, soft, additive, 2, 0, False, [None,0], 100, 53, 0.005, 0.0, 0.0, 0.806
0, id, 10, soft, additive, 2, 0, False, [None,0], 100, 54, 0.134, 0.0, 0.0, 0.92
0, id, 10, soft, additive, 2, 0, False, [None,0], 100, 55, 0.149, 0.0, 0.0, 0.433
0, id, 10, soft, additive, 2, 0, False, [None,0], 100, 56, 0.04, 0.0, 0.0, 0.547
0, id, 10, soft, additive, 2, 0, False, [None,0], 100, 57, 0.01, 0.0, 0.0, 0.91
0, id, 10, soft, additive, 2, 0, False, [None,0], 100, 58, 0.139, 0.0, 0.0, 0.234
0, id, 10, soft, additive, 2, 0, False, [None,0], 100, 59, 0.075, 0.0, 0.0, 0.846
0, id, 10, soft, additive, 2, 0, False, [None,0], 100, 60, 0.015, 0.0, 0.0, 0.831
0, id, 10, soft, additive, 2, 0, False, [None,0], 100, 61, 0.03, 0.0, 0.0, 0.219
0, id, 10, soft, additive, 2, 0, False, [None,0], 100, 62, 0.164, 0.0, 0.0, 0.085
0, id, 10, soft, additive, 2, 0, False, [None,0], 100, 63, 0.04, 0.0, 0.0, 0.622
0, id, 10, soft, additive, 2, 0, False, [None,0], 100, 64, 0.075, 0.0, 0.0, 0.537
0, id, 10, soft, additive, 2, 0, False, [None,0], 100, 65, 0.025, 0.0, 0.0, 0.587
0, id, 10, soft, additive, 2, 0, False, [None,0], 100, 66, 0.03, 0.0, 0.0, 0.965
0, id, 10, soft, additive, 2, 0, False, [None,0], 100, 67, 0.055, 0.0, 0.0, 0.368
0, id, 10, soft, additive, 2, 0, False, [None,0], 100, 68, 0.09, 0.0, 0.0, 0.199
0, id, 10, soft, additive, 2, 0, False, [None,0], 100, 69, 0.015, 0.0, 0.0, 0.925
0, id, 10, soft, additive, 2, 0, False, [None,0], 100, 70, 0.02, 0.0, 0.0, 0.557
0, id, 10, soft, additive, 2, 0, False, [None,0], 100, 71, 0.085, 0.0, 0.0, 0.642
0, id, 10, soft, additive, 2, 0, False, [None,0], 100, 72, 0.08, 0.0, 0.0, 0.129
0, id, 10, soft, additive, 2, 0, False, [None,0], 100, 73, 0.134, 0.0, 0.0, 0.522
0, id, 10, soft, additive, 2, 0, False, [None,0], 100, 74, 0.065, 0.0, 0.0, 0.886
0, id, 10, soft, additive, 2, 0, False, [None,0], 100, 75, 0.129, 0.0, 0.0, 0.711
0, id, 10, soft, additive, 2, 0, False, [None,0], 100, 76, 0.154, 0.0, 0.0, 0.159
0, id, 10, soft, additive, 2, 0, False, [None,0], 100, 77, 0.343, 0.0, 0.0, 0.179
0, id, 10, soft, additive, 2, 0, False, [None,0], 100, 78, 0.005, 0.0, 0.0, 0.98
0, id, 10, soft, additive, 2, 0, False, [None,0], 100, 79, 0.129, 0.0, 0.0, 0.294
0, id, 10, soft, additive, 2, 0, False, [None,0], 100, 80, 0.139, 0.0, 0.0, 0.791
0, id, 10, soft, additive, 2, 0, False, [None,0], 100, 81, 0.02, 0.0, 0.0, 0.428
0, id, 10, soft, additive, 2, 0, False, [None,0], 100, 82, 0.124, 0.0, 0.0, 0.507
0, id, 10, soft, additive, 2, 0, False, [None,0], 100, 83, 0.01, 0.0, 0.0, 0.697
0, id, 10, soft, additive, 2, 0, False, [None,0], 100, 84, 0.129, 0.0, 0.0, 0.353
0, id, 10, soft, additive, 2, 0, False, [None,0], 100, 85, 0.577, 0.0, 0.0, 0.348
0, id, 10, soft, additive, 2, 0, False, [None,0], 100, 86, 0.02, 0.0, 0.0, 0.393
0, id, 10, soft, additive, 2, 0, False, [None,0], 100, 87, 0.02, 0.0, 0.0, 0.975
0, id, 10, soft, additive, 2, 0, False, [None,0], 100, 88, 0.587, 0.0, 0.0, 0.861
0, id, 10, soft, additive, 2, 0, False, [None,0], 100, 89, 0.075, 0.0, 0.0, 0.642
0, id, 10, soft, additive, 2, 0, False, [None,0], 100, 90, 0.129, 0.0, 0.0, 0.418
0, id, 10, soft, additive, 2, 0, False, [None,0], 100, 91, 0.04, 0.0, 0.0, 0.353
0, id, 10, soft, additive, 2, 0, False, [None,0], 100, 92, 0.164, 0.0, 0.0, 0.418
0, id, 10, soft, additive, 2, 0, False, [None,0], 100, 93, 0.104, 0.0, 0.0, 0.692
0, id, 10, soft, additive, 2, 0, False, [None,0], 100, 94, 0.169, 0.0, 0.0, 0.299
0, id, 10, soft, additive, 2, 0, False, [None,0], 100, 95, 0.144, 0.0, 0.0, 0.776
0, id, 10, soft, additive, 2, 0, False, [None,0], 100, 96, 0.055, 0.0, 0.0, 0.716
0, id, 10, soft, additive, 2, 0, False, [None,0], 100, 97, 0.109, 0.0, 0.0, 0.582
0, id, 10, soft, additive, 2, 0, False, [None,0], 100, 98, 0.393, 0.0, 0.0, 0.373
0, id, 10, soft, additive, 2, 0, False, [None,0], 100, 99, 0.124, 0.0, 0.0, 0.622
0, id, 10, soft, additive, 2, 0, False, [None,0], 200, 0, 0.284, 0.0, 0.0, 0.687
0, id, 10, soft, additive, 2, 0, False, [None,0], 200, 1, 0.035, 0.0, 0.0, 0.572
0, id, 10, soft, additive, 2, 0, False, [None,0], 200, 2, 0.06, 0.0, 0.0, 0.915
0, id, 10, soft, additive, 2, 0, False, [None,0], 200, 3, 0.179, 0.0, 0.0, 0.925
0, id, 10, soft, additive, 2, 0, False, [None,0], 200, 4, 0.07, 0.0, 0.0, 0.124
0, id, 10, soft, additive, 2, 0, False, [None,0], 200, 5, 0.04, 0.0, 0.0, 0.841
0, id, 10, soft, additive, 2, 0, False, [None,0], 200, 6, 0.055, 0.0, 0.0, 0.925
0, id, 10, soft, additive, 2, 0, False, [None,0], 200, 7, 0.01, 0.0, 0.0, 0.866
0, id, 10, soft, additive, 2, 0, False, [None,0], 200, 8, 0.09, 0.0, 0.0, 0.522
0, id, 10, soft, additive, 2, 0, False, [None,0], 200, 9, 0.005, 0.0, 0.0, 0.388
0, id, 10, soft, additive, 2, 0, False, [None,0], 200, 10, 0.035, 0.0, 0.0, 0.781
0, id, 10, soft, additive, 2, 0, False, [None,0], 200, 11, 0.01, 0.0, 0.0, 0.856
0, id, 10, soft, additive, 2, 0, False, [None,0], 200, 12, 0.075, 0.0, 0.0, 0.672
0, id, 10, soft, additive, 2, 0, False, [None,0], 200, 13, 0.095, 0.0, 0.0, 0.905
0, id, 10, soft, additive, 2, 0, False, [None,0], 200, 14, 0.124, 0.0, 0.0, 0.826
0, id, 10, soft, additive, 2, 0, False, [None,0], 200, 15, 0.065, 0.0, 0.0, 0.587
0, id, 10, soft, additive, 2, 0, False, [None,0], 200, 16, 0.124, 0.0, 0.0, 0.627
0, id, 10, soft, additive, 2, 0, False, [None,0], 200, 17, 0.04, 0.0, 0.0, 0.821
0, id, 10, soft, additive, 2, 0, False, [None,0], 200, 18, 0.07, 0.0, 0.0, 0.134
0, id, 10, soft, additive, 2, 0, False, [None,0], 200, 19, 0.03, 0.0, 0.0, 0.328
0, id, 10, soft, additive, 2, 0, False, [None,0], 200, 20, 0.333, 0.0, 0.0, 0.493
0, id, 10, soft, additive, 2, 0, False, [None,0], 200, 21, 0.015, 0.0, 0.0, 0.751
0, id, 10, soft, additive, 2, 0, False, [None,0], 200, 22, 0.139, 0.0, 0.0, 0.985
0, id, 10, soft, additive, 2, 0, False, [None,0], 200, 23, 0.085, 0.0, 0.0, 0.627
0, id, 10, soft, additive, 2, 0, False, [None,0], 200, 24, 0.035, 0.0, 0.0, 0.204
0, id, 10, soft, additive, 2, 0, False, [None,0], 200, 25, 0.005, 0.0, 0.0, 0.612
0, id, 10, soft, additive, 2, 0, False, [None,0], 200, 26, 0.065, 0.0, 0.0, 0.602
0, id, 10, soft, additive, 2, 0, False, [None,0], 200, 27, 0.085, 0.0, 0.0, 0.692
0, id, 10, soft, additive, 2, 0, False, [None,0], 200, 28, 0.03, 0.0, 0.0, 0.741
0, id, 10, soft, additive, 2, 0, False, [None,0], 200, 29, 0.045, 0.0, 0.0, 0.925
0, id, 10, soft, additive, 2, 0, False, [None,0], 200, 30, 0.065, 0.0, 0.0, 0.284
0, id, 10, soft, additive, 2, 0, False, [None,0], 200, 31, 0.045, 0.0, 0.0, 0.114
0, id, 10, soft, additive, 2, 0, False, [None,0], 200, 32, 0.164, 0.0, 0.0, 0.791
0, id, 10, soft, additive, 2, 0, False, [None,0], 200, 33, 0.075, 0.0, 0.0, 0.662
0, id, 10, soft, additive, 2, 0, False, [None,0], 200, 34, 0.07, 0.0, 0.0, 0.129
0, id, 10, soft, additive, 2, 0, False, [None,0], 200, 35, 0.144, 0.0, 0.0, 0.408
0, id, 10, soft, additive, 2, 0, False, [None,0], 200, 36, 0.239, 0.0, 0.0, 0.771
0, id, 10, soft, additive, 2, 0, False, [None,0], 200, 37, 0.04, 0.0, 0.0, 0.403
0, id, 10, soft, additive, 2, 0, False, [None,0], 200, 38, 0.06, 0.0, 0.0, 0.542
0, id, 10, soft, additive, 2, 0, False, [None,0], 200, 39, 0.01, 0.0, 0.0, 0.622
0, id, 10, soft, additive, 2, 0, False, [None,0], 200, 40, 0.149, 0.0, 0.0, 0.552
0, id, 10, soft, additive, 2, 0, False, [None,0], 200, 41, 0.025, 0.0, 0.0, 0.905
0, id, 10, soft, additive, 2, 0, False, [None,0], 200, 42, 0.109, 0.0, 0.0, 0.801
0, id, 10, soft, additive, 2, 0, False, [None,0], 200, 43, 0.08, 0.0, 0.0, 0.871
0, id, 10, soft, additive, 2, 0, False, [None,0], 200, 44, 0.025, 0.0, 0.0, 0.174
0, id, 10, soft, additive, 2, 0, False, [None,0], 200, 45, 0.015, 0.0, 0.0, 0.308
0, id, 10, soft, additive, 2, 0, False, [None,0], 200, 46, 0.055, 0.0, 0.0, 0.483
0, id, 10, soft, additive, 2, 0, False, [None,0], 200, 47, 0.045, 0.0, 0.0, 0.841
0, id, 10, soft, additive, 2, 0, False, [None,0], 200, 48, 0.045, 0.0, 0.0, 0.388
0, id, 10, soft, additive, 2, 0, False, [None,0], 200, 49, 0.02, 0.0, 0.0, 0.353
0, id, 10, soft, additive, 2, 0, False, [None,0], 200, 50, 0.045, 0.0, 0.0, 0.318
0, id, 10, soft, additive, 2, 0, False, [None,0], 200, 51, 0.035, 0.0, 0.0, 0.905
0, id, 10, soft, additive, 2, 0, False, [None,0], 200, 52, 0.015, 0.0, 0.0, 0.9
0, id, 10, soft, additive, 2, 0, False, [None,0], 200, 53, 0.06, 0.0, 0.0, 0.517
0, id, 10, soft, additive, 2, 0, False, [None,0], 200, 54, 0.587, 0.0, 0.0, 0.985
0, id, 10, soft, additive, 2, 0, False, [None,0], 200, 55, 0.259, 0.0, 0.0, 0.776
0, id, 10, soft, additive, 2, 0, False, [None,0], 200, 56, 0.055, 0.0, 0.0, 0.761
0, id, 10, soft, additive, 2, 0, False, [None,0], 200, 57, 0.03, 0.0, 0.0, 0.662
0, id, 10, soft, additive, 2, 0, False, [None,0], 200, 58, 0.055, 0.0, 0.0, 0.672
0, id, 10, soft, additive, 2, 0, False, [None,0], 200, 59, 0.025, 0.0, 0.0, 0.169
0, id, 10, soft, additive, 2, 0, False, [None,0], 200, 60, 0.104, 0.0, 0.0, 0.055
0, id, 10, soft, additive, 2, 0, False, [None,0], 200, 61, 0.015, 0.0, 0.0, 0.348
0, id, 10, soft, additive, 2, 0, False, [None,0], 200, 62, 0.159, 0.0, 0.0, 0.965
0, id, 10, soft, additive, 2, 0, False, [None,0], 200, 63, 0.03, 0.0, 0.0, 0.507
0, id, 10, soft, additive, 2, 0, False, [None,0], 200, 64, 0.005, 0.0, 0.0, 0.313
0, id, 10, soft, additive, 2, 0, False, [None,0], 200, 65, 0.144, 0.0, 0.0, 0.582
0, id, 10, soft, additive, 2, 0, False, [None,0], 200, 66, 0.04, 0.0, 0.0, 0.542
0, id, 10, soft, additive, 2, 0, False, [None,0], 200, 67, 0.1, 0.0, 0.0, 0.92
0, id, 10, soft, additive, 2, 0, False, [None,0], 200, 68, 0.035, 0.0, 0.0, 0.119
0, id, 10, soft, additive, 2, 0, False, [None,0], 200, 69, 0.035, 0.0, 0.0, 0.224
0, id, 10, soft, additive, 2, 0, False, [None,0], 200, 70, 0.035, 0.0, 0.0, 0.537
0, id, 10, soft, additive, 2, 0, False, [None,0], 200, 71, 0.09, 0.0, 0.0, 0.935
0, id, 10, soft, additive, 2, 0, False, [None,0], 200, 72, 0.025, 0.0, 0.0, 0.567
0, id, 10, soft, additive, 2, 0, False, [None,0], 200, 73, 0.07, 0.0, 0.0, 0.836
0, id, 10, soft, additive, 2, 0, False, [None,0], 200, 74, 0.239, 0.0, 0.0, 0.289
0, id, 10, soft, additive, 2, 0, False, [None,0], 200, 75, 0.194, 0.0, 0.0, 0.806
0, id, 10, soft, additive, 2, 0, False, [None,0], 200, 76, 0.025, 0.0, 0.0, 0.721
0, id, 10, soft, additive, 2, 0, False, [None,0], 200, 77, 0.07, 0.0, 0.0, 0.95
0, id, 10, soft, additive, 2, 0, False, [None,0], 200, 78, 0.04, 0.0, 0.0, 0.97
0, id, 10, soft, additive, 2, 0, False, [None,0], 200, 79, 0.01, 0.0, 0.0, 0.791
0, id, 10, soft, additive, 2, 0, False, [None,0], 200, 80, 0.035, 0.0, 0.0, 0.284
0, id, 10, soft, additive, 2, 0, False, [None,0], 200, 81, 0.025, 0.0, 0.0, 0.184
0, id, 10, soft, additive, 2, 0, False, [None,0], 200, 82, 0.154, 0.0, 0.0, 0.582
0, id, 10, soft, additive, 2, 0, False, [None,0], 200, 83, 0.179, 0.0, 0.0, 0.756
0, id, 10, soft, additive, 2, 0, False, [None,0], 200, 84, 0.159, 0.0, 0.0, 0.378
0, id, 10, soft, additive, 2, 0, False, [None,0], 200, 85, 0.065, 0.0, 0.0, 0.985
0, id, 10, soft, additive, 2, 0, False, [None,0], 200, 86, 0.06, 0.0, 0.0, 0.572
0, id, 10, soft, additive, 2, 0, False, [None,0], 200, 87, 0.035, 0.0, 0.0, 0.045
0, id, 10, soft, additive, 2, 0, False, [None,0], 200, 88, 0.114, 0.0, 0.0, 1.0
0, id, 10, soft, additive, 2, 0, False, [None,0], 200, 89, 0.09, 0.0, 0.0, 0.448
0, id, 10, soft, additive, 2, 0, False, [None,0], 200, 90, 0.075, 0.0, 0.0, 0.836
0, id, 10, soft, additive, 2, 0, False, [None,0], 200, 91, 0.07, 0.0, 0.0, 0.418
0, id, 10, soft, additive, 2, 0, False, [None,0], 200, 92, 0.124, 0.0, 0.0, 0.488
0, id, 10, soft, additive, 2, 0, False, [None,0], 200, 93, 0.04, 0.0, 0.0, 0.687
0, id, 10, soft, additive, 2, 0, False, [None,0], 200, 94, 0.119, 0.0, 0.0, 0.224
0, id, 10, soft, additive, 2, 0, False, [None,0], 200, 95, 0.035, 0.0, 0.0, 0.93
0, id, 10, soft, additive, 2, 0, False, [None,0], 200, 96, 0.095, 0.0, 0.0, 0.458
0, id, 10, soft, additive, 2, 0, False, [None,0], 200, 97, 0.05, 0.0, 0.0, 0.592
0, id, 10, soft, additive, 2, 0, False, [None,0], 200, 98, 0.04, 0.0, 0.0, 0.164
0, id, 10, soft, additive, 2, 0, False, [None,0], 200, 99, 0.119, 0.0, 0.0, 0.209
0, id, 10, soft, additive, 2, 0, False, [None,0], 300, 0, 0.025, 0.0, 0.0, 0.517
0, id, 10, soft, additive, 2, 0, False, [None,0], 300, 1, 0.06, 0.0, 0.0, 0.308
0, id, 10, soft, additive, 2, 0, False, [None,0], 300, 2, 0.164, 0.0, 0.0, 0.109
0, id, 10, soft, additive, 2, 0, False, [None,0], 300, 3, 0.109, 0.0, 0.0, 0.876
0, id, 10, soft, additive, 2, 0, False, [None,0], 300, 4, 0.02, 0.0, 0.0, 0.109
0, id, 10, soft, additive, 2, 0, False, [None,0], 300, 5, 0.055, 0.0, 0.0, 0.388
0, id, 10, soft, additive, 2, 0, False, [None,0], 300, 6, 0.045, 0.0, 0.0, 0.657
0, id, 10, soft, additive, 2, 0, False, [None,0], 300, 7, 0.07, 0.0, 0.0, 0.896
0, id, 10, soft, additive, 2, 0, False, [None,0], 300, 8, 0.045, 0.0, 0.0, 0.284
0, id, 10, soft, additive, 2, 0, False, [None,0], 300, 9, 0.04, 0.0, 0.0, 0.448
0, id, 10, soft, additive, 2, 0, False, [None,0], 300, 10, 0.085, 0.0, 0.0, 0.746
0, id, 10, soft, additive, 2, 0, False, [None,0], 300, 11, 0.01, 0.0, 0.0, 0.726
0, id, 10, soft, additive, 2, 0, False, [None,0], 300, 12, 0.06, 0.0, 0.0, 0.204
0, id, 10, soft, additive, 2, 0, False, [None,0], 300, 13, 0.279, 0.0, 0.0, 0.677
0, id, 10, soft, additive, 2, 0, False, [None,0], 300, 14, 0.015, 0.0, 0.0, 0.667
0, id, 10, soft, additive, 2, 0, False, [None,0], 300, 15, 0.1, 0.0, 0.0, 0.468
0, id, 10, soft, additive, 2, 0, False, [None,0], 300, 16, 0.234, 0.0, 0.0, 0.348
0, id, 10, soft, additive, 2, 0, False, [None,0], 300, 17, 0.095, 0.0, 0.0, 0.343
0, id, 10, soft, additive, 2, 0, False, [None,0], 300, 18, 0.01, 0.0, 0.0, 0.662
0, id, 10, soft, additive, 2, 0, False, [None,0], 300, 19, 0.06, 0.0, 0.0, 0.672
0, id, 10, soft, additive, 2, 0, False, [None,0], 300, 20, 0.01, 0.0, 0.0, 0.716
0, id, 10, soft, additive, 2, 0, False, [None,0], 300, 21, 0.015, 0.0, 0.0, 0.592
0, id, 10, soft, additive, 2, 0, False, [None,0], 300, 22, 0.06, 0.0, 0.0, 0.522
0, id, 10, soft, additive, 2, 0, False, [None,0], 300, 23, 0.01, 0.0, 0.0, 0.995
0, id, 10, soft, additive, 2, 0, False, [None,0], 300, 24, 0.025, 0.0, 0.0, 0.552
0, id, 10, soft, additive, 2, 0, False, [None,0], 300, 25, 0.07, 0.0, 0.0, 0.955
0, id, 10, soft, additive, 2, 0, False, [None,0], 300, 26, 0.169, 0.0, 0.0, 0.741
0, id, 10, soft, additive, 2, 0, False, [None,0], 300, 27, 0.269, 0.0, 0.0, 0.786
0, id, 10, soft, additive, 2, 0, False, [None,0], 300, 28, 0.09, 0.0, 0.0, 0.035
0, id, 10, soft, additive, 2, 0, False, [None,0], 300, 29, 0.09, 0.0, 0.0, 0.368
0, id, 10, soft, additive, 2, 0, False, [None,0], 300, 30, 0.02, 0.0, 0.0, 0.129
0, id, 10, soft, additive, 2, 0, False, [None,0], 300, 31, 0.124, 0.0, 0.0, 0.547
0, id, 10, soft, additive, 2, 0, False, [None,0], 300, 32, 0.209, 0.0, 0.0, 0.204
0, id, 10, soft, additive, 2, 0, False, [None,0], 300, 33, 0.015, 0.0, 0.0, 0.97
0, id, 10, soft, additive, 2, 0, False, [None,0], 300, 34, 0.045, 0.0, 0.0, 0.821
0, id, 10, soft, additive, 2, 0, False, [None,0], 300, 35, 0.025, 0.0, 0.0, 0.423
0, id, 10, soft, additive, 2, 0, False, [None,0], 300, 36, 0.109, 0.0, 0.0, 0.667
0, id, 10, soft, additive, 2, 0, False, [None,0], 300, 37, 0.005, 0.0, 0.0, 0.502
0, id, 10, soft, additive, 2, 0, False, [None,0], 300, 38, 0.224, 0.0, 0.0, 0.582
0, id, 10, soft, additive, 2, 0, False, [None,0], 300, 39, 0.005, 0.0, 0.0, 0.935
0, id, 10, soft, additive, 2, 0, False, [None,0], 300, 40, 0.333, 0.0, 0.0, 0.408
0, id, 10, soft, additive, 2, 0, False, [None,0], 300, 41, 0.075, 0.0, 0.0, 0.652
0, id, 10, soft, additive, 2, 0, False, [None,0], 300, 42, 0.07, 0.0, 0.0, 0.647
0, id, 10, soft, additive, 2, 0, False, [None,0], 300, 43, 0.025, 0.0, 0.0, 0.786
0, id, 10, soft, additive, 2, 0, False, [None,0], 300, 44, 0.03, 0.0, 0.0, 0.209
0, id, 10, soft, additive, 2, 0, False, [None,0], 300, 45, 0.035, 0.0, 0.0, 0.418
0, id, 10, soft, additive, 2, 0, False, [None,0], 300, 46, 0.065, 0.0, 0.0, 0.557
0, id, 10, soft, additive, 2, 0, False, [None,0], 300, 47, 0.025, 0.0, 0.0, 0.229
0, id, 10, soft, additive, 2, 0, False, [None,0], 300, 48, 0.03, 0.0, 0.0, 0.97
0, id, 10, soft, additive, 2, 0, False, [None,0], 300, 49, 0.03, 0.0, 0.0, 0.1
0, id, 10, soft, additive, 2, 0, False, [None,0], 300, 50, 0.015, 0.0, 0.0, 0.458
0, id, 10, soft, additive, 2, 0, False, [None,0], 300, 51, 0.065, 0.0, 0.0, 0.617
0, id, 10, soft, additive, 2, 0, False, [None,0], 300, 52, 0.045, 0.0, 0.0, 0.602
0, id, 10, soft, additive, 2, 0, False, [None,0], 300, 53, 0.005, 0.0, 0.0, 0.119
0, id, 10, soft, additive, 2, 0, False, [None,0], 300, 54, 0.035, 0.0, 0.0, 0.771
0, id, 10, soft, additive, 2, 0, False, [None,0], 300, 55, 0.294, 0.0, 0.0, 0.905
0, id, 10, soft, additive, 2, 0, False, [None,0], 300, 56, 0.075, 0.0, 0.0, 0.652
0, id, 10, soft, additive, 2, 0, False, [None,0], 400, 0, 0.05, 0.0, 0.0, 0.515
0, id, 10, soft, additive, 2, 0, False, [None,0], 400, 1, 0.02, 0.0, 0.0, 0.238
0, id, 10, soft, additive, 2, 0, False, [None,0], 400, 2, 0.01, 0.0, 0.0, 0.653
0, id, 10, soft, additive, 2, 0, False, [None,0], 400, 3, 0.04, 0.0, 0.0, 0.158
0, id, 10, soft, additive, 2, 0, False, [None,0], 400, 4, 0.01, 0.0, 0.0, 0.594
0, id, 10, soft, additive, 2, 0, False, [None,0], 400, 5, 0.01, 0.0, 0.0, 0.772
0, id, 10, soft, additive, 2, 0, False, [None,0], 400, 6, 0.109, 0.0, 0.0, 0.762
0, id, 10, soft, additive, 2, 0, False, [None,0], 400, 7, 0.05, 0.0, 0.0, 0.198
0, id, 10, soft, additive, 2, 0, False, [None,0], 400, 8, 0.02, 0.0, 0.0, 0.485
0, id, 10, soft, additive, 2, 0, False, [None,0], 400, 9, 0.089, 0.0, 0.0, 0.723
0, id, 10, soft, additive, 2, 0, False, [None,0], 400, 10, 0.168, 0.0, 0.0, 0.396
0, id, 10, soft, additive, 2, 0, False, [None,0], 400, 11, 0.01, 0.0, 0.0, 0.653
0, id, 10, soft, additive, 2, 0, False, [None,0], 400, 12, 0.079, 0.0, 0.0, 0.099
0, id, 10, soft, additive, 2, 0, False, [None,0], 400, 13, 0.03, 0.0, 0.0, 0.861
0, id, 10, soft, additive, 2, 0, False, [None,0], 400, 14, 0.01, 0.0, 0.0, 0.851
0, id, 10, soft, additive, 2, 0, False, [None,0], 400, 15, 0.02, 0.0, 0.0, 0.149
0, id, 10, soft, additive, 2, 0, False, [None,0], 400, 16, 0.059, 0.0, 0.0, 0.446
0, id, 10, soft, additive, 2, 0, False, [None,0], 400, 17, 0.109, 0.0, 0.0, 0.475
0, id, 10, soft, additive, 2, 0, False, [None,0], 400, 18, 0.069, 0.0, 0.0, 0.426
0, id, 10, soft, additive, 2, 0, False, [None,0], 400, 19, 0.02, 0.0, 0.0, 1.0
0, id, 10, soft, additive, 2, 0, False, [None,0], 600, 0, 0.04, 0.0, 0.0, 0.861
0, id, 10, soft, additive, 2, 0, False, [None,0], 600, 1, 0.069, 0.0, 0.0, 0.416
0, id, 10, soft, additive, 2, 0, False, [None,0], 600, 2, 0.119, 0.0, 0.0, 0.782
0, id, 10, soft, additive, 2, 0, False, [None,0], 600, 3, 0.01, 0.0, 0.0, 0.386
0, id, 10, soft, additive, 2, 0, False, [None,0], 600, 4, 0.02, 0.0, 0.0, 0.317
0, id, 10, soft, additive, 2, 0, False, [None,0], 600, 5, 0.01, 0.0, 0.0, 0.327
0, id, 10, soft, additive, 2, 0, False, [None,0], 600, 6, 0.129, 0.0, 0.0, 0.564
0, id, 10, soft, additive, 2, 0, False, [None,0], 600, 7, 0.079, 0.0, 0.0, 0.426
0, id, 10, soft, additive, 2, 0, False, [None,0], 600, 8, 0.02, 0.0, 0.0, 0.515
0, id, 10, soft, additive, 2, 0, False, [None,0], 600, 9, 0.02, 0.0, 0.0, 0.743
0, id, 10, soft, additive, 2, 0, False, [None,0], 600, 10, 0.119, 0.0, 0.0, 0.574
0, id, 10, soft, additive, 2, 0, False, [None,0], 600, 11, 0.01, 0.0, 0.0, 0.921
0, id, 10, soft, additive, 2, 0, False, [None,0], 600, 12, 0.059, 0.0, 0.0, 0.406
0, id, 10, soft, additive, 2, 0, False, [None,0], 600, 13, 0.03, 0.0, 0.0, 0.832
0, id, 10, soft, additive, 2, 0, False, [None,0], 600, 14, 0.069, 0.0, 0.0, 0.366
0, id, 10, soft, additive, 2, 0, False, [None,0], 600, 15, 0.208, 0.0, 0.0, 0.653
0, id, 10, soft, additive, 2, 0, False, [None,0], 600, 16, 0.079, 0.0, 0.0, 0.396
0, id, 10, soft, additive, 2, 0, False, [None,0], 600, 17, 0.03, 0.0, 0.0, 0.832
0, id, 10, soft, additive, 2, 0, False, [None,0], 600, 18, 0.139, 0.0, 0.0, 0.554
0, id, 10, soft, additive, 2, 0, False, [None,0], 600, 19, 0.089, 0.0, 0.0, 1.0
1, id, 10, soft, additive, 2, 0, False, [None,1], 400, 0, 0.089, 0.0, 0.072, 0.01
1, id, 10, soft, additive, 2, 0, False, [None,1], 400, 1, 0.02, 0.0, 0.885, 0.01
1, id, 10, soft, additive, 2, 0, False, [None,1], 400, 2, 0.03, 0.0, 0.014, 0.01
1, id, 10, soft, additive, 2, 0, False, [None,1], 400, 3, 0.05, 0.0, 1.0, 0.01
1, id, 10, soft, additive, 2, 0, False, [None,1], 400, 4, 0.03, 0.0, 0.75, 0.01
1, id, 10, soft, additive, 2, 0, False, [None,1], 400, 5, 0.01, 0.0, 1.0, 0.01
1, id, 10, soft, additive, 2, 0, False, [None,1], 400, 6, 0.178, 0.0, 0.209, 0.01
1, id, 10, soft, additive, 2, 0, False, [None,1], 400, 7, 0.129, 0.0, 0.12, 0.01
1, id, 10, soft, additive, 2, 0, False, [None,1], 400, 8, 0.03, 0.0, 1.0, 0.01
1, id, 10, soft, additive, 2, 0, False, [None,1], 400, 9, 0.05, 0.0, 0.055, 0.01
1, id, 10, soft, additive, 2, 0, False, [None,1], 400, 10, 0.03, 0.0, 0.321, 0.01
1, id, 10, soft, additive, 2, 0, False, [None,1], 400, 11, 0.02, 0.0, 0.245, 0.01
1, id, 10, soft, additive, 2, 0, False, [None,1], 400, 12, 0.04, 0.0, 0.251, 0.01
1, id, 10, soft, additive, 2, 0, False, [None,1], 400, 13, 0.059, 0.0, 1.0, 0.01
1, id, 10, soft, additive, 2, 0, False, [None,1], 400, 14, 0.069, 0.0, 1.0, 0.01
1, id, 10, soft, additive, 2, 0, False, [None,1], 400, 15, 0.04, 0.0, 0.244, 0.01
1, id, 10, soft, additive, 2, 0, False, [None,1], 400, 16, 0.069, 0.0, 1.0, 0.01
1, id, 10, soft, additive, 2, 0, False, [None,1], 400, 17, 0.129, 0.0, 0.542, 0.01
1, id, 10, soft, additive, 2, 0, False, [None,1], 400, 18, 0.129, 0.0, 0.087, 0.01
1, id, 10, soft, additive, 2, 0, False, [None,1], 400, 19, 0.02, 0.0, 0.154, 0.01
1, id, 10, soft, additive, 2, 0, False, [None,1], 600, 0, 0.149, 0.0, 0.066, 0.01
1, id, 10, soft, additive, 2, 0, False, [None,1], 600, 1, 0.109, 0.0, 1.0, 0.01
1, id, 10, soft, additive, 2, 0, False, [None,1], 600, 2, 0.129, 0.0, 0.154, 0.01
1, id, 10, soft, additive, 2, 0, False, [None,1], 600, 3, 0.04, 0.0, 0.398, 0.01
