params_index, test, test_kwargs, nonlinearity, noise_df, intervention, combination, intervention_shift, intervention_scale, intervention_targets, n_samples, rep, dag, X1, X2
0, invariant_residuals, {'method': 'gam','test': 'ks'}, sqrt, 100, soft, additive, 2, 1, [None,0], 50, 0, XY, 0.0, 0.146
0, invariant_residuals, {'method': 'gam','test': 'ks'}, sqrt, 100, soft, additive, 2, 1, [None,0], 50, 0, YX, 0.0, 0.396
0, invariant_residuals, {'method': 'gam','test': 'ks'}, sqrt, 100, soft, additive, 2, 1, [None,0], 50, 1, XY, 0.0, 0.094
0, invariant_residuals, {'method': 'gam','test': 'ks'}, sqrt, 100, soft, additive, 2, 1, [None,0], 50, 1, YX, 0.0, 0.869
0, invariant_residuals, {'method': 'gam','test': 'ks'}, sqrt, 100, soft, additive, 2, 1, [None,0], 50, 2, XY, 0.0, 0.039
0, invariant_residuals, {'method': 'gam','test': 'ks'}, sqrt, 100, soft, additive, 2, 1, [None,0], 50, 2, YX, 0.0, 0.179
0, invariant_residuals, {'method': 'gam','test': 'ks'}, sqrt, 100, soft, additive, 2, 1, [None,0], 50, 3, XY, 0.0, 0.011
0, invariant_residuals, {'method': 'gam','test': 'ks'}, sqrt, 100, soft, additive, 2, 1, [None,0], 50, 3, YX, 0.0, 0.549
0, invariant_residuals, {'method': 'gam','test': 'ks'}, sqrt, 100, soft, additive, 2, 1, [None,0], 50, 4, XY, 0.0, 0.199
0, invariant_residuals, {'method': 'gam','test': 'ks'}, sqrt, 100, soft, additive, 2, 1, [None,0], 50, 4, YX, 0.0, 0.717
0, invariant_residuals, {'method': 'gam','test': 'ks'}, sqrt, 100, soft, additive, 2, 1, [None,0], 50, 5, XY, 0.0, 0.045
0, invariant_residuals, {'method': 'gam','test': 'ks'}, sqrt, 100, soft, additive, 2, 1, [None,0], 50, 5, YX, 0.0, 0.396
0, invariant_residuals, {'method': 'gam','test': 'ks'}, sqrt, 100, soft, additive, 2, 1, [None,0], 50, 6, XY, 0.0, 0.131
0, invariant_residuals, {'method': 'gam','test': 'ks'}, sqrt, 100, soft, additive, 2, 1, [None,0], 50, 6, YX, 0.0, 0.998
0, invariant_residuals, {'method': 'gam','test': 'ks'}, sqrt, 100, soft, additive, 2, 1, [None,0], 50, 7, XY, 0.0, 0.025
0, invariant_residuals, {'method': 'gam','test': 'ks'}, sqrt, 100, soft, additive, 2, 1, [None,0], 50, 7, YX, 0.0, 0.717
0, invariant_residuals, {'method': 'gam','test': 'ks'}, sqrt, 100, soft, additive, 2, 1, [None,0], 50, 8, XY, 0.0, 0.027
0, invariant_residuals, {'method': 'gam','test': 'ks'}, sqrt, 100, soft, additive, 2, 1, [None,0], 50, 8, YX, 0.0, 0.396
0, invariant_residuals, {'method': 'gam','test': 'ks'}, sqrt, 100, soft, additive, 2, 1, [None,0], 50, 9, XY, 0.0, 1.0
0, invariant_residuals, {'method': 'gam','test': 'ks'}, sqrt, 100, soft, additive, 2, 1, [None,0], 50, 9, YX, 0.0, 0.272
0, invariant_residuals, {'method': 'gam','test': 'ks'}, sqrt, 100, soft, additive, 2, 1, [None,0], 100, 0, XY, 0.0, 0.027
0, invariant_residuals, {'method': 'gam','test': 'ks'}, sqrt, 100, soft, additive, 2, 1, [None,0], 100, 0, YX, 0.0, 0.815
0, invariant_residuals, {'method': 'gam','test': 'ks'}, sqrt, 100, soft, additive, 2, 1, [None,0], 100, 1, XY, 0.0, 0.046
0, invariant_residuals, {'method': 'gam','test': 'ks'}, sqrt, 100, soft, additive, 2, 1, [None,0], 100, 1, YX, 0.0, 0.908
0, invariant_residuals, {'method': 'gam','test': 'ks'}, sqrt, 100, soft, additive, 2, 1, [None,0], 100, 2, XY, 0.0, 0.022
0, invariant_residuals, {'method': 'gam','test': 'ks'}, sqrt, 100, soft, additive, 2, 1, [None,0], 100, 2, YX, 0.0, 0.702
0, invariant_residuals, {'method': 'gam','test': 'ks'}, sqrt, 100, soft, additive, 2, 1, [None,0], 100, 3, XY, 0.0, 0.205
0, invariant_residuals, {'method': 'gam','test': 'ks'}, sqrt, 100, soft, additive, 2, 1, [None,0], 100, 3, YX, 0.0, 0.583
0, invariant_residuals, {'method': 'gam','test': 'ks'}, sqrt, 100, soft, additive, 2, 1, [None,0], 100, 4, XY, 0.0, 0.08
0, invariant_residuals, {'method': 'gam','test': 'ks'}, sqrt, 100, soft, additive, 2, 1, [None,0], 100, 4, YX, 0.0, 0.702
0, invariant_residuals, {'method': 'gam','test': 'ks'}, sqrt, 100, soft, additive, 2, 1, [None,0], 100, 5, XY, 0.0, 0.116
0, invariant_residuals, {'method': 'gam','test': 'ks'}, sqrt, 100, soft, additive, 2, 1, [None,0], 100, 5, YX, 0.0, 0.47
0, invariant_residuals, {'method': 'gam','test': 'ks'}, sqrt, 100, soft, additive, 2, 1, [None,0], 100, 6, XY, 0.0, 0.047
0, invariant_residuals, {'method': 'gam','test': 'ks'}, sqrt, 100, soft, additive, 2, 1, [None,0], 100, 6, YX, 0.0, 0.815
0, invariant_residuals, {'method': 'gam','test': 'ks'}, sqrt, 100, soft, additive, 2, 1, [None,0], 100, 7, XY, 0.0, 0.054
0, invariant_residuals, {'method': 'gam','test': 'ks'}, sqrt, 100, soft, additive, 2, 1, [None,0], 100, 7, YX, 0.0, 0.702
0, invariant_residuals, {'method': 'gam','test': 'ks'}, sqrt, 100, soft, additive, 2, 1, [None,0], 100, 8, XY, 0.0, 0.0
0, invariant_residuals, {'method': 'gam','test': 'ks'}, sqrt, 100, soft, additive, 2, 1, [None,0], 100, 8, YX, 0.0, 0.211
0, invariant_residuals, {'method': 'gam','test': 'ks'}, sqrt, 100, soft, additive, 2, 1, [None,0], 100, 9, XY, 0.0, 0.004
0, invariant_residuals, {'method': 'gam','test': 'ks'}, sqrt, 100, soft, additive, 2, 1, [None,0], 100, 9, YX, 0.0, 0.908
0, invariant_residuals, {'method': 'gam','test': 'ks'}, sqrt, 100, soft, additive, 2, 1, [None,0], 200, 0, XY, 0.0, 0.002
0, invariant_residuals, {'method': 'gam','test': 'ks'}, sqrt, 100, soft, additive, 2, 1, [None,0], 200, 0, YX, 0.0, 0.793
0, invariant_residuals, {'method': 'gam','test': 'ks'}, sqrt, 100, soft, additive, 2, 1, [None,0], 200, 1, XY, 0.0, 0.0
0, invariant_residuals, {'method': 'gam','test': 'ks'}, sqrt, 100, soft, additive, 2, 1, [None,0], 200, 1, YX, 0.0, 0.988
0, invariant_residuals, {'method': 'gam','test': 'ks'}, sqrt, 100, soft, additive, 2, 1, [None,0], 200, 2, XY, 0.0, 0.001
0, invariant_residuals, {'method': 'gam','test': 'ks'}, sqrt, 100, soft, additive, 2, 1, [None,0], 200, 2, YX, 0.0, 0.221
0, invariant_residuals, {'method': 'gam','test': 'ks'}, sqrt, 100, soft, additive, 2, 1, [None,0], 200, 3, XY, 0.0, 0.001
0, invariant_residuals, {'method': 'gam','test': 'ks'}, sqrt, 100, soft, additive, 2, 1, [None,0], 200, 3, YX, 0.0, 0.142
0, invariant_residuals, {'method': 'gam','test': 'ks'}, sqrt, 100, soft, additive, 2, 1, [None,0], 200, 4, XY, 0.0, 0.0
0, invariant_residuals, {'method': 'gam','test': 'ks'}, sqrt, 100, soft, additive, 2, 1, [None,0], 200, 4, YX, 0.0, 0.713
0, invariant_residuals, {'method': 'gam','test': 'ks'}, sqrt, 100, soft, additive, 2, 1, [None,0], 200, 5, XY, 0.0, 0.0
0, invariant_residuals, {'method': 'gam','test': 'ks'}, sqrt, 100, soft, additive, 2, 1, [None,0], 200, 5, YX, 0.0, 0.866
0, invariant_residuals, {'method': 'gam','test': 'ks'}, sqrt, 100, soft, additive, 2, 1, [None,0], 200, 6, XY, 0.0, 0.0
0, invariant_residuals, {'method': 'gam','test': 'ks'}, sqrt, 100, soft, additive, 2, 1, [None,0], 200, 6, YX, 0.0, 0.328
0, invariant_residuals, {'method': 'gam','test': 'ks'}, sqrt, 100, soft, additive, 2, 1, [None,0], 200, 7, XY, 0.0, 0.002
0, invariant_residuals, {'method': 'gam','test': 'ks'}, sqrt, 100, soft, additive, 2, 1, [None,0], 200, 7, YX, 0.0, 0.112
0, invariant_residuals, {'method': 'gam','test': 'ks'}, sqrt, 100, soft, additive, 2, 1, [None,0], 200, 8, XY, 0.0, 0.013
0, invariant_residuals, {'method': 'gam','test': 'ks'}, sqrt, 100, soft, additive, 2, 1, [None,0], 200, 8, YX, 0.0, 0.793
0, invariant_residuals, {'method': 'gam','test': 'ks'}, sqrt, 100, soft, additive, 2, 1, [None,0], 200, 9, XY, 0.0, 0.0
0, invariant_residuals, {'method': 'gam','test': 'ks'}, sqrt, 100, soft, additive, 2, 1, [None,0], 200, 9, YX, 0.0, 0.866
0, invariant_residuals, {'method': 'linear','test': 'ks'}, sqrt, 100, soft, additive, 2, 1, [None,0], 50, 0, XY, 0.0, 0.146
0, invariant_residuals, {'method': 'linear','test': 'ks'}, sqrt, 100, soft, additive, 2, 1, [None,0], 50, 0, YX, 0.0, 0.179
0, invariant_residuals, {'method': 'linear','test': 'ks'}, sqrt, 100, soft, additive, 2, 1, [None,0], 50, 1, XY, 0.0, 0.094
0, invariant_residuals, {'method': 'linear','test': 'ks'}, sqrt, 100, soft, additive, 2, 1, [None,0], 50, 1, YX, 0.0, 0.396
0, invariant_residuals, {'method': 'linear','test': 'ks'}, sqrt, 100, soft, additive, 2, 1, [None,0], 50, 2, XY, 0.0, 0.039
0, invariant_residuals, {'method': 'linear','test': 'ks'}, sqrt, 100, soft, additive, 2, 1, [None,0], 50, 2, YX, 0.0, 0.112
0, invariant_residuals, {'method': 'linear','test': 'ks'}, sqrt, 100, soft, additive, 2, 1, [None,0], 50, 3, XY, 0.0, 0.011
0, invariant_residuals, {'method': 'linear','test': 'ks'}, sqrt, 100, soft, additive, 2, 1, [None,0], 50, 3, YX, 0.0, 0.272
0, invariant_residuals, {'method': 'linear','test': 'ks'}, sqrt, 100, soft, additive, 2, 1, [None,0], 50, 4, XY, 0.0, 0.199
0, invariant_residuals, {'method': 'linear','test': 'ks'}, sqrt, 100, soft, additive, 2, 1, [None,0], 50, 4, YX, 0.0, 0.549
0, invariant_residuals, {'method': 'linear','test': 'ks'}, sqrt, 100, soft, additive, 2, 1, [None,0], 50, 5, XY, 0.0, 0.045
0, invariant_residuals, {'method': 'linear','test': 'ks'}, sqrt, 100, soft, additive, 2, 1, [None,0], 50, 5, YX, 0.0, 0.717
0, invariant_residuals, {'method': 'linear','test': 'ks'}, sqrt, 100, soft, additive, 2, 1, [None,0], 50, 6, XY, 0.0, 0.131
0, invariant_residuals, {'method': 'linear','test': 'ks'}, sqrt, 100, soft, additive, 2, 1, [None,0], 50, 6, YX, 0.0, 0.396
0, invariant_residuals, {'method': 'linear','test': 'ks'}, sqrt, 100, soft, additive, 2, 1, [None,0], 50, 7, XY, 0.0, 0.025
0, invariant_residuals, {'method': 'linear','test': 'ks'}, sqrt, 100, soft, additive, 2, 1, [None,0], 50, 7, YX, 0.0, 0.112
0, invariant_residuals, {'method': 'linear','test': 'ks'}, sqrt, 100, soft, additive, 2, 1, [None,0], 50, 8, XY, 0.0, 0.027
0, invariant_residuals, {'method': 'linear','test': 'ks'}, sqrt, 100, soft, additive, 2, 1, [None,0], 50, 8, YX, 0.0, 0.112
0, invariant_residuals, {'method': 'linear','test': 'ks'}, sqrt, 100, soft, additive, 2, 1, [None,0], 50, 9, XY, 0.0, 1.0
0, invariant_residuals, {'method': 'linear','test': 'ks'}, sqrt, 100, soft, additive, 2, 1, [None,0], 50, 9, YX, 0.0, 0.967
0, invariant_residuals, {'method': 'linear','test': 'ks'}, sqrt, 100, soft, additive, 2, 1, [None,0], 100, 0, XY, 0.0, 0.027
0, invariant_residuals, {'method': 'linear','test': 'ks'}, sqrt, 100, soft, additive, 2, 1, [None,0], 100, 0, YX, 0.0, 0.155
0, invariant_residuals, {'method': 'linear','test': 'ks'}, sqrt, 100, soft, additive, 2, 1, [None,0], 100, 1, XY, 0.0, 0.046
0, invariant_residuals, {'method': 'linear','test': 'ks'}, sqrt, 100, soft, additive, 2, 1, [None,0], 100, 1, YX, 0.0, 0.111
0, invariant_residuals, {'method': 'linear','test': 'ks'}, sqrt, 100, soft, additive, 2, 1, [None,0], 100, 2, XY, 0.0, 0.022
0, invariant_residuals, {'method': 'linear','test': 'ks'}, sqrt, 100, soft, additive, 2, 1, [None,0], 100, 2, YX, 0.0, 0.282
0, invariant_residuals, {'method': 'linear','test': 'ks'}, sqrt, 100, soft, additive, 2, 1, [None,0], 100, 3, XY, 0.0, 0.205
0, invariant_residuals, {'method': 'linear','test': 'ks'}, sqrt, 100, soft, additive, 2, 1, [None,0], 100, 3, YX, 0.0, 0.583
0, invariant_residuals, {'method': 'linear','test': 'ks'}, sqrt, 100, soft, additive, 2, 1, [None,0], 100, 4, XY, 0.0, 0.08
0, invariant_residuals, {'method': 'linear','test': 'ks'}, sqrt, 100, soft, additive, 2, 1, [None,0], 100, 4, YX, 0.0, 0.111
0, invariant_residuals, {'method': 'linear','test': 'ks'}, sqrt, 100, soft, additive, 2, 1, [None,0], 100, 5, XY, 0.0, 0.116
0, invariant_residuals, {'method': 'linear','test': 'ks'}, sqrt, 100, soft, additive, 2, 1, [None,0], 100, 5, YX, 0.0, 0.282
0, invariant_residuals, {'method': 'linear','test': 'ks'}, sqrt, 100, soft, additive, 2, 1, [None,0], 100, 6, XY, 0.0, 0.047
0, invariant_residuals, {'method': 'linear','test': 'ks'}, sqrt, 100, soft, additive, 2, 1, [None,0], 100, 6, YX, 0.0, 0.211
0, invariant_residuals, {'method': 'linear','test': 'ks'}, sqrt, 100, soft, additive, 2, 1, [None,0], 100, 7, XY, 0.0, 0.054
0, invariant_residuals, {'method': 'linear','test': 'ks'}, sqrt, 100, soft, additive, 2, 1, [None,0], 100, 7, YX, 0.0, 0.282
0, invariant_residuals, {'method': 'linear','test': 'ks'}, sqrt, 100, soft, additive, 2, 1, [None,0], 100, 8, XY, 0.0, 0.0
0, invariant_residuals, {'method': 'linear','test': 'ks'}, sqrt, 100, soft, additive, 2, 1, [None,0], 100, 8, YX, 0.0, 0.0
0, invariant_residuals, {'method': 'linear','test': 'ks'}, sqrt, 100, soft, additive, 2, 1, [None,0], 100, 9, XY, 0.0, 0.004
0, invariant_residuals, {'method': 'linear','test': 'ks'}, sqrt, 100, soft, additive, 2, 1, [None,0], 100, 9, YX, 0.0, 0.368
0, invariant_residuals, {'method': 'linear','test': 'ks'}, sqrt, 100, soft, additive, 2, 1, [None,0], 200, 0, XY, 0.0, 0.002
0, invariant_residuals, {'method': 'linear','test': 'ks'}, sqrt, 100, soft, additive, 2, 1, [None,0], 200, 0, YX, 0.0, 0.052
0, invariant_residuals, {'method': 'linear','test': 'ks'}, sqrt, 100, soft, additive, 2, 1, [None,0], 200, 1, XY, 0.0, 0.0
0, invariant_residuals, {'method': 'linear','test': 'ks'}, sqrt, 100, soft, additive, 2, 1, [None,0], 200, 1, YX, 0.0, 0.003
0, invariant_residuals, {'method': 'linear','test': 'ks'}, sqrt, 100, soft, additive, 2, 1, [None,0], 200, 2, XY, 0.0, 0.001
0, invariant_residuals, {'method': 'linear','test': 'ks'}, sqrt, 100, soft, additive, 2, 1, [None,0], 200, 2, YX, 0.0, 0.009
0, invariant_residuals, {'method': 'linear','test': 'ks'}, sqrt, 100, soft, additive, 2, 1, [None,0], 200, 3, XY, 0.0, 0.001
0, invariant_residuals, {'method': 'linear','test': 'ks'}, sqrt, 100, soft, additive, 2, 1, [None,0], 200, 3, YX, 0.0, 0.006
0, invariant_residuals, {'method': 'linear','test': 'ks'}, sqrt, 100, soft, additive, 2, 1, [None,0], 200, 4, XY, 0.0, 0.0
0, invariant_residuals, {'method': 'linear','test': 'ks'}, sqrt, 100, soft, additive, 2, 1, [None,0], 200, 4, YX, 0.0, 0.142
0, invariant_residuals, {'method': 'linear','test': 'ks'}, sqrt, 100, soft, additive, 2, 1, [None,0], 200, 5, XY, 0.0, 0.0
0, invariant_residuals, {'method': 'linear','test': 'ks'}, sqrt, 100, soft, additive, 2, 1, [None,0], 200, 5, YX, 0.0, 0.009
0, invariant_residuals, {'method': 'linear','test': 'ks'}, sqrt, 100, soft, additive, 2, 1, [None,0], 200, 6, XY, 0.0, 0.0
0, invariant_residuals, {'method': 'linear','test': 'ks'}, sqrt, 100, soft, additive, 2, 1, [None,0], 200, 6, YX, 0.0, 0.03
0, invariant_residuals, {'method': 'linear','test': 'ks'}, sqrt, 100, soft, additive, 2, 1, [None,0], 200, 7, XY, 0.0, 0.002
0, invariant_residuals, {'method': 'linear','test': 'ks'}, sqrt, 100, soft, additive, 2, 1, [None,0], 200, 7, YX, 0.0, 0.068
0, invariant_residuals, {'method': 'linear','test': 'ks'}, sqrt, 100, soft, additive, 2, 1, [None,0], 200, 8, XY, 0.0, 0.013
0, invariant_residuals, {'method': 'linear','test': 'ks'}, sqrt, 100, soft, additive, 2, 1, [None,0], 200, 8, YX, 0.0, 0.068
0, invariant_residuals, {'method': 'linear','test': 'ks'}, sqrt, 100, soft, additive, 2, 1, [None,0], 200, 9, XY, 0.0, 0.0
0, invariant_residuals, {'method': 'linear','test': 'ks'}, sqrt, 100, soft, additive, 2, 1, [None,0], 200, 9, YX, 0.0, 0.022
1, invariant_residuals, {'method': 'gam','test': 'ks'}, sqrt, 100, soft, additive, 2, 1, [None,1], 50, 0, XY, 0.039, 0.0
1, invariant_residuals, {'method': 'gam','test': 'ks'}, sqrt, 100, soft, additive, 2, 1, [None,1], 50, 0, YX, 1.0, 0.0
1, invariant_residuals, {'method': 'gam','test': 'ks'}, sqrt, 100, soft, additive, 2, 1, [None,1], 50, 1, XY, 0.396, 0.0
1, invariant_residuals, {'method': 'gam','test': 'ks'}, sqrt, 100, soft, additive, 2, 1, [None,1], 50, 1, YX, 1.0, 0.0
1, invariant_residuals, {'method': 'gam','test': 'ks'}, sqrt, 100, soft, additive, 2, 1, [None,1], 50, 2, XY, 0.003, 0.0
1, invariant_residuals, {'method': 'gam','test': 'ks'}, sqrt, 100, soft, additive, 2, 1, [None,1], 50, 2, YX, 0.367, 0.0
1, invariant_residuals, {'method': 'gam','test': 'ks'}, sqrt, 100, soft, additive, 2, 1, [None,1], 50, 3, XY, 0.549, 0.0
1, invariant_residuals, {'method': 'gam','test': 'ks'}, sqrt, 100, soft, additive, 2, 1, [None,1], 50, 3, YX, 0.024, 0.0
1, invariant_residuals, {'method': 'gam','test': 'ks'}, sqrt, 100, soft, additive, 2, 1, [None,1], 50, 4, XY, 0.272, 0.0
1, invariant_residuals, {'method': 'gam','test': 'ks'}, sqrt, 100, soft, additive, 2, 1, [None,1], 50, 4, YX, 1.0, 0.0
1, invariant_residuals, {'method': 'gam','test': 'ks'}, sqrt, 100, soft, additive, 2, 1, [None,1], 50, 5, XY, 0.001, 0.0
1, invariant_residuals, {'method': 'gam','test': 'ks'}, sqrt, 100, soft, additive, 2, 1, [None,1], 50, 5, YX, 0.396, 0.0
1, invariant_residuals, {'method': 'gam','test': 'ks'}, sqrt, 100, soft, additive, 2, 1, [None,1], 50, 6, XY, 0.001, 0.0
1, invariant_residuals, {'method': 'gam','test': 'ks'}, sqrt, 100, soft, additive, 2, 1, [None,1], 50, 6, YX, 0.062, 0.0
1, invariant_residuals, {'method': 'gam','test': 'ks'}, sqrt, 100, soft, additive, 2, 1, [None,1], 50, 7, XY, 0.549, 0.0
1, invariant_residuals, {'method': 'gam','test': 'ks'}, sqrt, 100, soft, additive, 2, 1, [None,1], 50, 7, YX, 0.097, 0.0
1, invariant_residuals, {'method': 'gam','test': 'ks'}, sqrt, 100, soft, additive, 2, 1, [None,1], 50, 8, XY, 0.112, 0.0
1, invariant_residuals, {'method': 'gam','test': 'ks'}, sqrt, 100, soft, additive, 2, 1, [None,1], 50, 8, YX, 0.381, 0.0
1, invariant_residuals, {'method': 'gam','test': 'ks'}, sqrt, 100, soft, additive, 2, 1, [None,1], 50, 9, XY, 0.022, 0.0
1, invariant_residuals, {'method': 'gam','test': 'ks'}, sqrt, 100, soft, additive, 2, 1, [None,1], 50, 9, YX, 1.0, 0.0
1, invariant_residuals, {'method': 'gam','test': 'ks'}, sqrt, 100, soft, additive, 2, 1, [None,1], 100, 0, XY, 0.006, 0.0
1, invariant_residuals, {'method': 'gam','test': 'ks'}, sqrt, 100, soft, additive, 2, 1, [None,1], 100, 0, YX, 0.312, 0.0
1, invariant_residuals, {'method': 'gam','test': 'ks'}, sqrt, 100, soft, additive, 2, 1, [None,1], 100, 1, XY, 0.0, 0.0
1, invariant_residuals, {'method': 'gam','test': 'ks'}, sqrt, 100, soft, additive, 2, 1, [None,1], 100, 1, YX, 0.542, 0.0
1, invariant_residuals, {'method': 'gam','test': 'ks'}, sqrt, 100, soft, additive, 2, 1, [None,1], 100, 2, XY, 0.001, 0.0
1, invariant_residuals, {'method': 'gam','test': 'ks'}, sqrt, 100, soft, additive, 2, 1, [None,1], 100, 2, YX, 0.175, 0.0
1, invariant_residuals, {'method': 'gam','test': 'ks'}, sqrt, 100, soft, additive, 2, 1, [None,1], 100, 3, XY, 0.006, 0.0
1, invariant_residuals, {'method': 'gam','test': 'ks'}, sqrt, 100, soft, additive, 2, 1, [None,1], 100, 3, YX, 0.259, 0.0
1, invariant_residuals, {'method': 'gam','test': 'ks'}, sqrt, 100, soft, additive, 2, 1, [None,1], 100, 4, XY, 0.006, 0.0
1, invariant_residuals, {'method': 'gam','test': 'ks'}, sqrt, 100, soft, additive, 2, 1, [None,1], 100, 4, YX, 0.302, 0.0
1, invariant_residuals, {'method': 'gam','test': 'ks'}, sqrt, 100, soft, additive, 2, 1, [None,1], 100, 5, XY, 0.006, 0.0
1, invariant_residuals, {'method': 'gam','test': 'ks'}, sqrt, 100, soft, additive, 2, 1, [None,1], 100, 5, YX, 0.256, 0.0
1, invariant_residuals, {'method': 'gam','test': 'ks'}, sqrt, 100, soft, additive, 2, 1, [None,1], 100, 6, XY, 0.001, 0.0
1, invariant_residuals, {'method': 'gam','test': 'ks'}, sqrt, 100, soft, additive, 2, 1, [None,1], 100, 6, YX, 0.083, 0.0
1, invariant_residuals, {'method': 'gam','test': 'ks'}, sqrt, 100, soft, additive, 2, 1, [None,1], 100, 7, XY, 0.006, 0.0
1, invariant_residuals, {'method': 'gam','test': 'ks'}, sqrt, 100, soft, additive, 2, 1, [None,1], 100, 7, YX, 0.814, 0.0
1, invariant_residuals, {'method': 'gam','test': 'ks'}, sqrt, 100, soft, additive, 2, 1, [None,1], 100, 8, XY, 0.054, 0.0
1, invariant_residuals, {'method': 'gam','test': 'ks'}, sqrt, 100, soft, additive, 2, 1, [None,1], 100, 8, YX, 0.491, 0.0
1, invariant_residuals, {'method': 'gam','test': 'ks'}, sqrt, 100, soft, additive, 2, 1, [None,1], 100, 9, XY, 0.0, 0.0
1, invariant_residuals, {'method': 'gam','test': 'ks'}, sqrt, 100, soft, additive, 2, 1, [None,1], 100, 9, YX, 0.045, 0.0
1, invariant_residuals, {'method': 'gam','test': 'ks'}, sqrt, 100, soft, additive, 2, 1, [None,1], 200, 0, XY, 0.0, 0.0
1, invariant_residuals, {'method': 'gam','test': 'ks'}, sqrt, 100, soft, additive, 2, 1, [None,1], 200, 0, YX, 0.144, 0.0
1, invariant_residuals, {'method': 'gam','test': 'ks'}, sqrt, 100, soft, additive, 2, 1, [None,1], 200, 1, XY, 0.0, 0.0
1, invariant_residuals, {'method': 'gam','test': 'ks'}, sqrt, 100, soft, additive, 2, 1, [None,1], 200, 1, YX, 1.0, 0.0
1, invariant_residuals, {'method': 'gam','test': 'ks'}, sqrt, 100, soft, additive, 2, 1, [None,1], 200, 2, XY, 0.0, 0.0
1, invariant_residuals, {'method': 'gam','test': 'ks'}, sqrt, 100, soft, additive, 2, 1, [None,1], 200, 2, YX, 0.096, 0.0
1, invariant_residuals, {'method': 'gam','test': 'ks'}, sqrt, 100, soft, additive, 2, 1, [None,1], 200, 3, XY, 0.0, 0.0
1, invariant_residuals, {'method': 'gam','test': 'ks'}, sqrt, 100, soft, additive, 2, 1, [None,1], 200, 3, YX, 0.358, 0.0
1, invariant_residuals, {'method': 'gam','test': 'ks'}, sqrt, 100, soft, additive, 2, 1, [None,1], 200, 4, XY, 0.016, 0.0
1, invariant_residuals, {'method': 'gam','test': 'ks'}, sqrt, 100, soft, additive, 2, 1, [None,1], 200, 4, YX, 0.03, 0.0
1, invariant_residuals, {'method': 'gam','test': 'ks'}, sqrt, 100, soft, additive, 2, 1, [None,1], 200, 5, XY, 0.0, 0.0
1, invariant_residuals, {'method': 'gam','test': 'ks'}, sqrt, 100, soft, additive, 2, 1, [None,1], 200, 5, YX, 1.0, 0.0
1, invariant_residuals, {'method': 'gam','test': 'ks'}, sqrt, 100, soft, additive, 2, 1, [None,1], 200, 6, XY, 0.0, 0.0
1, invariant_residuals, {'method': 'gam','test': 'ks'}, sqrt, 100, soft, additive, 2, 1, [None,1], 200, 6, YX, 0.529, 0.0
1, invariant_residuals, {'method': 'gam','test': 'ks'}, sqrt, 100, soft, additive, 2, 1, [None,1], 200, 7, XY, 0.0, 0.0
1, invariant_residuals, {'method': 'gam','test': 'ks'}, sqrt, 100, soft, additive, 2, 1, [None,1], 200, 7, YX, 0.687, 0.0
1, invariant_residuals, {'method': 'gam','test': 'ks'}, sqrt, 100, soft, additive, 2, 1, [None,1], 200, 8, XY, 0.016, 0.0
1, invariant_residuals, {'method': 'gam','test': 'ks'}, sqrt, 100, soft, additive, 2, 1, [None,1], 200, 8, YX, 0.411, 0.0
1, invariant_residuals, {'method': 'gam','test': 'ks'}, sqrt, 100, soft, additive, 2, 1, [None,1], 200, 9, XY, 0.0, 0.0
1, invariant_residuals, {'method': 'gam','test': 'ks'}, sqrt, 100, soft, additive, 2, 1, [None,1], 200, 9, YX, 0.088, 0.0
1, invariant_residuals, {'method': 'linear','test': 'ks'}, sqrt, 100, soft, additive, 2, 1, [None,1], 50, 0, XY, 0.039, 0.0
1, invariant_residuals, {'method': 'linear','test': 'ks'}, sqrt, 100, soft, additive, 2, 1, [None,1], 50, 0, YX, 1.0, 0.0
1, invariant_residuals, {'method': 'linear','test': 'ks'}, sqrt, 100, soft, additive, 2, 1, [None,1], 50, 1, XY, 0.112, 0.0
1, invariant_residuals, {'method': 'linear','test': 'ks'}, sqrt, 100, soft, additive, 2, 1, [None,1], 50, 1, YX, 1.0, 0.0
1, invariant_residuals, {'method': 'linear','test': 'ks'}, sqrt, 100, soft, additive, 2, 1, [None,1], 50, 2, XY, 0.012, 0.0
1, invariant_residuals, {'method': 'linear','test': 'ks'}, sqrt, 100, soft, additive, 2, 1, [None,1], 50, 2, YX, 0.367, 0.0
1, invariant_residuals, {'method': 'linear','test': 'ks'}, sqrt, 100, soft, additive, 2, 1, [None,1], 50, 3, XY, 0.717, 0.0
1, invariant_residuals, {'method': 'linear','test': 'ks'}, sqrt, 100, soft, additive, 2, 1, [None,1], 50, 3, YX, 0.024, 0.0
1, invariant_residuals, {'method': 'linear','test': 'ks'}, sqrt, 100, soft, additive, 2, 1, [None,1], 50, 4, XY, 0.068, 0.0
1, invariant_residuals, {'method': 'linear','test': 'ks'}, sqrt, 100, soft, additive, 2, 1, [None,1], 50, 4, YX, 1.0, 0.0
1, invariant_residuals, {'method': 'linear','test': 'ks'}, sqrt, 100, soft, additive, 2, 1, [None,1], 50, 5, XY, 0.006, 0.0
1, invariant_residuals, {'method': 'linear','test': 'ks'}, sqrt, 100, soft, additive, 2, 1, [None,1], 50, 5, YX, 0.396, 0.0
1, invariant_residuals, {'method': 'linear','test': 'ks'}, sqrt, 100, soft, additive, 2, 1, [None,1], 50, 6, XY, 0.001, 0.0
1, invariant_residuals, {'method': 'linear','test': 'ks'}, sqrt, 100, soft, additive, 2, 1, [None,1], 50, 6, YX, 0.062, 0.0
1, invariant_residuals, {'method': 'linear','test': 'ks'}, sqrt, 100, soft, additive, 2, 1, [None,1], 50, 7, XY, 0.549, 0.0
1, invariant_residuals, {'method': 'linear','test': 'ks'}, sqrt, 100, soft, additive, 2, 1, [None,1], 50, 7, YX, 0.097, 0.0
1, invariant_residuals, {'method': 'linear','test': 'ks'}, sqrt, 100, soft, additive, 2, 1, [None,1], 50, 8, XY, 0.272, 0.0
1, invariant_residuals, {'method': 'linear','test': 'ks'}, sqrt, 100, soft, additive, 2, 1, [None,1], 50, 8, YX, 0.381, 0.0
1, invariant_residuals, {'method': 'linear','test': 'ks'}, sqrt, 100, soft, additive, 2, 1, [None,1], 50, 9, XY, 0.006, 0.0
1, invariant_residuals, {'method': 'linear','test': 'ks'}, sqrt, 100, soft, additive, 2, 1, [None,1], 50, 9, YX, 1.0, 0.0
1, invariant_residuals, {'method': 'linear','test': 'ks'}, sqrt, 100, soft, additive, 2, 1, [None,1], 100, 0, XY, 0.006, 0.0
1, invariant_residuals, {'method': 'linear','test': 'ks'}, sqrt, 100, soft, additive, 2, 1, [None,1], 100, 0, YX, 0.312, 0.0
1, invariant_residuals, {'method': 'linear','test': 'ks'}, sqrt, 100, soft, additive, 2, 1, [None,1], 100, 1, XY, 0.0, 0.0
1, invariant_residuals, {'method': 'linear','test': 'ks'}, sqrt, 100, soft, additive, 2, 1, [None,1], 100, 1, YX, 0.542, 0.0
1, invariant_residuals, {'method': 'linear','test': 'ks'}, sqrt, 100, soft, additive, 2, 1, [None,1], 100, 2, XY, 0.004, 0.0
1, invariant_residuals, {'method': 'linear','test': 'ks'}, sqrt, 100, soft, additive, 2, 1, [None,1], 100, 2, YX, 0.175, 0.0
1, invariant_residuals, {'method': 'linear','test': 'ks'}, sqrt, 100, soft, additive, 2, 1, [None,1], 100, 3, XY, 0.004, 0.0
1, invariant_residuals, {'method': 'linear','test': 'ks'}, sqrt, 100, soft, additive, 2, 1, [None,1], 100, 3, YX, 0.259, 0.0
1, invariant_residuals, {'method': 'linear','test': 'ks'}, sqrt, 100, soft, additive, 2, 1, [None,1], 100, 4, XY, 0.016, 0.0
1, invariant_residuals, {'method': 'linear','test': 'ks'}, sqrt, 100, soft, additive, 2, 1, [None,1], 100, 4, YX, 0.302, 0.0
1, invariant_residuals, {'method': 'linear','test': 'ks'}, sqrt, 100, soft, additive, 2, 1, [None,1], 100, 5, XY, 0.024, 0.0
1, invariant_residuals, {'method': 'linear','test': 'ks'}, sqrt, 100, soft, additive, 2, 1, [None,1], 100, 5, YX, 0.256, 0.0
1, invariant_residuals, {'method': 'linear','test': 'ks'}, sqrt, 100, soft, additive, 2, 1, [None,1], 100, 6, XY, 0.002, 0.0
1, invariant_residuals, {'method': 'linear','test': 'ks'}, sqrt, 100, soft, additive, 2, 1, [None,1], 100, 6, YX, 0.083, 0.0
1, invariant_residuals, {'method': 'linear','test': 'ks'}, sqrt, 100, soft, additive, 2, 1, [None,1], 100, 7, XY, 0.01, 0.0
1, invariant_residuals, {'method': 'linear','test': 'ks'}, sqrt, 100, soft, additive, 2, 1, [None,1], 100, 7, YX, 0.814, 0.0
1, invariant_residuals, {'method': 'linear','test': 'ks'}, sqrt, 100, soft, additive, 2, 1, [None,1], 100, 8, XY, 0.054, 0.0
1, invariant_residuals, {'method': 'linear','test': 'ks'}, sqrt, 100, soft, additive, 2, 1, [None,1], 100, 8, YX, 0.491, 0.0
1, invariant_residuals, {'method': 'linear','test': 'ks'}, sqrt, 100, soft, additive, 2, 1, [None,1], 100, 9, XY, 0.0, 0.0
1, invariant_residuals, {'method': 'linear','test': 'ks'}, sqrt, 100, soft, additive, 2, 1, [None,1], 100, 9, YX, 0.045, 0.0
1, invariant_residuals, {'method': 'linear','test': 'ks'}, sqrt, 100, soft, additive, 2, 1, [None,1], 200, 0, XY, 0.0, 0.0
1, invariant_residuals, {'method': 'linear','test': 'ks'}, sqrt, 100, soft, additive, 2, 1, [None,1], 200, 0, YX, 0.144, 0.0
1, invariant_residuals, {'method': 'linear','test': 'ks'}, sqrt, 100, soft, additive, 2, 1, [None,1], 200, 1, XY, 0.0, 0.0
1, invariant_residuals, {'method': 'linear','test': 'ks'}, sqrt, 100, soft, additive, 2, 1, [None,1], 200, 1, YX, 1.0, 0.0
1, invariant_residuals, {'method': 'linear','test': 'ks'}, sqrt, 100, soft, additive, 2, 1, [None,1], 200, 2, XY, 0.0, 0.0
1, invariant_residuals, {'method': 'linear','test': 'ks'}, sqrt, 100, soft, additive, 2, 1, [None,1], 200, 2, YX, 0.096, 0.0
1, invariant_residuals, {'method': 'linear','test': 'ks'}, sqrt, 100, soft, additive, 2, 1, [None,1], 200, 3, XY, 0.0, 0.0
1, invariant_residuals, {'method': 'linear','test': 'ks'}, sqrt, 100, soft, additive, 2, 1, [None,1], 200, 3, YX, 0.358, 0.0
1, invariant_residuals, {'method': 'linear','test': 'ks'}, sqrt, 100, soft, additive, 2, 1, [None,1], 200, 4, XY, 0.006, 0.0
1, invariant_residuals, {'method': 'linear','test': 'ks'}, sqrt, 100, soft, additive, 2, 1, [None,1], 200, 4, YX, 0.03, 0.0
1, invariant_residuals, {'method': 'linear','test': 'ks'}, sqrt, 100, soft, additive, 2, 1, [None,1], 200, 5, XY, 0.0, 0.0
1, invariant_residuals, {'method': 'linear','test': 'ks'}, sqrt, 100, soft, additive, 2, 1, [None,1], 200, 5, YX, 1.0, 0.0
1, invariant_residuals, {'method': 'linear','test': 'ks'}, sqrt, 100, soft, additive, 2, 1, [None,1], 200, 6, XY, 0.0, 0.0
1, invariant_residuals, {'method': 'linear','test': 'ks'}, sqrt, 100, soft, additive, 2, 1, [None,1], 200, 6, YX, 0.529, 0.0
1, invariant_residuals, {'method': 'linear','test': 'ks'}, sqrt, 100, soft, additive, 2, 1, [None,1], 200, 7, XY, 0.0, 0.0
1, invariant_residuals, {'method': 'linear','test': 'ks'}, sqrt, 100, soft, additive, 2, 1, [None,1], 200, 7, YX, 0.687, 0.0
1, invariant_residuals, {'method': 'linear','test': 'ks'}, sqrt, 100, soft, additive, 2, 1, [None,1], 200, 8, XY, 0.006, 0.0
1, invariant_residuals, {'method': 'linear','test': 'ks'}, sqrt, 100, soft, additive, 2, 1, [None,1], 200, 8, YX, 0.411, 0.0
1, invariant_residuals, {'method': 'linear','test': 'ks'}, sqrt, 100, soft, additive, 2, 1, [None,1], 200, 9, XY, 0.0, 0.0
1, invariant_residuals, {'method': 'linear','test': 'ks'}, sqrt, 100, soft, additive, 2, 1, [None,1], 200, 9, YX, 0.088, 0.0
2, invariant_residuals, {'method': 'gam','test': 'ks'}, sqrt, 100, soft, additive, 2, 1, [None,None], 50, 0, XY, 0.272, 0.555
2, invariant_residuals, {'method': 'gam','test': 'ks'}, sqrt, 100, soft, additive, 2, 1, [None,None], 50, 0, YX, 1.0, 0.068
2, invariant_residuals, {'method': 'gam','test': 'ks'}, sqrt, 100, soft, additive, 2, 1, [None,None], 50, 1, XY, 0.967, 0.526
2, invariant_residuals, {'method': 'gam','test': 'ks'}, sqrt, 100, soft, additive, 2, 1, [None,None], 50, 1, YX, 1.0, 0.869
2, invariant_residuals, {'method': 'gam','test': 'ks'}, sqrt, 100, soft, additive, 2, 1, [None,None], 50, 2, XY, 0.717, 0.484
2, invariant_residuals, {'method': 'gam','test': 'ks'}, sqrt, 100, soft, additive, 2, 1, [None,None], 50, 2, YX, 0.367, 0.272
2, invariant_residuals, {'method': 'gam','test': 'ks'}, sqrt, 100, soft, additive, 2, 1, [None,None], 50, 3, XY, 0.022, 0.134
2, invariant_residuals, {'method': 'gam','test': 'ks'}, sqrt, 100, soft, additive, 2, 1, [None,None], 50, 3, YX, 0.024, 0.179
2, invariant_residuals, {'method': 'gam','test': 'ks'}, sqrt, 100, soft, additive, 2, 1, [None,None], 50, 4, XY, 0.869, 0.159
2, invariant_residuals, {'method': 'gam','test': 'ks'}, sqrt, 100, soft, additive, 2, 1, [None,None], 50, 4, YX, 1.0, 0.717
2, invariant_residuals, {'method': 'gam','test': 'ks'}, sqrt, 100, soft, additive, 2, 1, [None,None], 50, 5, XY, 0.022, 0.175
2, invariant_residuals, {'method': 'gam','test': 'ks'}, sqrt, 100, soft, additive, 2, 1, [None,None], 50, 5, YX, 0.396, 0.179
2, invariant_residuals, {'method': 'gam','test': 'ks'}, sqrt, 100, soft, additive, 2, 1, [None,None], 50, 6, XY, 0.179, 0.765
2, invariant_residuals, {'method': 'gam','test': 'ks'}, sqrt, 100, soft, additive, 2, 1, [None,None], 50, 6, YX, 0.062, 0.717
2, invariant_residuals, {'method': 'gam','test': 'ks'}, sqrt, 100, soft, additive, 2, 1, [None,None], 50, 7, XY, 0.272, 0.452
2, invariant_residuals, {'method': 'gam','test': 'ks'}, sqrt, 100, soft, additive, 2, 1, [None,None], 50, 7, YX, 0.097, 0.112
2, invariant_residuals, {'method': 'gam','test': 'ks'}, sqrt, 100, soft, additive, 2, 1, [None,None], 50, 8, XY, 0.396, 1.0
2, invariant_residuals, {'method': 'gam','test': 'ks'}, sqrt, 100, soft, additive, 2, 1, [None,None], 50, 8, YX, 0.381, 0.869
2, invariant_residuals, {'method': 'gam','test': 'ks'}, sqrt, 100, soft, additive, 2, 1, [None,None], 50, 9, XY, 0.967, 0.129
2, invariant_residuals, {'method': 'gam','test': 'ks'}, sqrt, 100, soft, additive, 2, 1, [None,None], 50, 9, YX, 1.0, 0.068
2, invariant_residuals, {'method': 'gam','test': 'ks'}, sqrt, 100, soft, additive, 2, 1, [None,None], 100, 0, XY, 0.815, 1.0
2, invariant_residuals, {'method': 'gam','test': 'ks'}, sqrt, 100, soft, additive, 2, 1, [None,None], 100, 0, YX, 0.312, 0.111
2, invariant_residuals, {'method': 'gam','test': 'ks'}, sqrt, 100, soft, additive, 2, 1, [None,None], 100, 1, XY, 0.815, 1.0
2, invariant_residuals, {'method': 'gam','test': 'ks'}, sqrt, 100, soft, additive, 2, 1, [None,None], 100, 1, YX, 0.542, 0.815
2, invariant_residuals, {'method': 'gam','test': 'ks'}, sqrt, 100, soft, additive, 2, 1, [None,None], 100, 2, XY, 0.155, 1.0
2, invariant_residuals, {'method': 'gam','test': 'ks'}, sqrt, 100, soft, additive, 2, 1, [None,None], 100, 2, YX, 0.175, 0.815
2, invariant_residuals, {'method': 'gam','test': 'ks'}, sqrt, 100, soft, additive, 2, 1, [None,None], 100, 3, XY, 0.702, 1.0
2, invariant_residuals, {'method': 'gam','test': 'ks'}, sqrt, 100, soft, additive, 2, 1, [None,None], 100, 3, YX, 0.259, 0.368
2, invariant_residuals, {'method': 'gam','test': 'ks'}, sqrt, 100, soft, additive, 2, 1, [None,None], 100, 4, XY, 0.155, 0.025
2, invariant_residuals, {'method': 'gam','test': 'ks'}, sqrt, 100, soft, additive, 2, 1, [None,None], 100, 4, YX, 0.302, 0.078
2, invariant_residuals, {'method': 'gam','test': 'ks'}, sqrt, 100, soft, additive, 2, 1, [None,None], 100, 5, XY, 0.47, 0.756
2, invariant_residuals, {'method': 'gam','test': 'ks'}, sqrt, 100, soft, additive, 2, 1, [None,None], 100, 5, YX, 0.256, 0.908
2, invariant_residuals, {'method': 'gam','test': 'ks'}, sqrt, 100, soft, additive, 2, 1, [None,None], 100, 6, XY, 0.583, 0.555
2, invariant_residuals, {'method': 'gam','test': 'ks'}, sqrt, 100, soft, additive, 2, 1, [None,None], 100, 6, YX, 0.083, 0.908
2, invariant_residuals, {'method': 'gam','test': 'ks'}, sqrt, 100, soft, additive, 2, 1, [None,None], 100, 7, XY, 0.583, 1.0
2, invariant_residuals, {'method': 'gam','test': 'ks'}, sqrt, 100, soft, additive, 2, 1, [None,None], 100, 7, YX, 0.814, 0.47
2, invariant_residuals, {'method': 'gam','test': 'ks'}, sqrt, 100, soft, additive, 2, 1, [None,None], 100, 8, XY, 0.815, 0.688
2, invariant_residuals, {'method': 'gam','test': 'ks'}, sqrt, 100, soft, additive, 2, 1, [None,None], 100, 8, YX, 0.491, 0.815
2, invariant_residuals, {'method': 'gam','test': 'ks'}, sqrt, 100, soft, additive, 2, 1, [None,None], 100, 9, XY, 0.155, 0.174
2, invariant_residuals, {'method': 'gam','test': 'ks'}, sqrt, 100, soft, additive, 2, 1, [None,None], 100, 9, YX, 0.045, 0.908
2, invariant_residuals, {'method': 'gam','test': 'ks'}, sqrt, 100, soft, additive, 2, 1, [None,None], 200, 0, XY, 0.394, 0.578
2, invariant_residuals, {'method': 'gam','test': 'ks'}, sqrt, 100, soft, additive, 2, 1, [None,None], 200, 0, YX, 0.144, 0.866
2, invariant_residuals, {'method': 'gam','test': 'ks'}, sqrt, 100, soft, additive, 2, 1, [None,None], 200, 1, XY, 0.997, 1.0
2, invariant_residuals, {'method': 'gam','test': 'ks'}, sqrt, 100, soft, additive, 2, 1, [None,None], 200, 1, YX, 1.0, 0.793
2, invariant_residuals, {'method': 'gam','test': 'ks'}, sqrt, 100, soft, additive, 2, 1, [None,None], 200, 2, XY, 0.112, 0.281
2, invariant_residuals, {'method': 'gam','test': 'ks'}, sqrt, 100, soft, additive, 2, 1, [None,None], 200, 2, YX, 0.096, 0.394
2, invariant_residuals, {'method': 'gam','test': 'ks'}, sqrt, 100, soft, additive, 2, 1, [None,None], 200, 3, XY, 0.866, 0.128
2, invariant_residuals, {'method': 'gam','test': 'ks'}, sqrt, 100, soft, additive, 2, 1, [None,None], 200, 3, YX, 0.358, 0.713
2, invariant_residuals, {'method': 'gam','test': 'ks'}, sqrt, 100, soft, additive, 2, 1, [None,None], 200, 4, XY, 0.03, 0.512
2, invariant_residuals, {'method': 'gam','test': 'ks'}, sqrt, 100, soft, additive, 2, 1, [None,None], 200, 4, YX, 0.03, 0.628
2, invariant_residuals, {'method': 'gam','test': 'ks'}, sqrt, 100, soft, additive, 2, 1, [None,None], 200, 5, XY, 0.713, 1.0
2, invariant_residuals, {'method': 'gam','test': 'ks'}, sqrt, 100, soft, additive, 2, 1, [None,None], 200, 5, YX, 1.0, 0.866
2, invariant_residuals, {'method': 'gam','test': 'ks'}, sqrt, 100, soft, additive, 2, 1, [None,None], 200, 6, XY, 0.924, 0.646
2, invariant_residuals, {'method': 'gam','test': 'ks'}, sqrt, 100, soft, additive, 2, 1, [None,None], 200, 6, YX, 0.529, 0.713
2, invariant_residuals, {'method': 'gam','test': 'ks'}, sqrt, 100, soft, additive, 2, 1, [None,None], 200, 7, XY, 0.545, 0.456
2, invariant_residuals, {'method': 'gam','test': 'ks'}, sqrt, 100, soft, additive, 2, 1, [None,None], 200, 7, YX, 0.687, 0.466
2, invariant_residuals, {'method': 'gam','test': 'ks'}, sqrt, 100, soft, additive, 2, 1, [None,None], 200, 8, XY, 0.328, 0.413
2, invariant_residuals, {'method': 'gam','test': 'ks'}, sqrt, 100, soft, additive, 2, 1, [None,None], 200, 8, YX, 0.411, 0.052
2, invariant_residuals, {'method': 'gam','test': 'ks'}, sqrt, 100, soft, additive, 2, 1, [None,None], 200, 9, XY, 0.052, 0.36
2, invariant_residuals, {'method': 'gam','test': 'ks'}, sqrt, 100, soft, additive, 2, 1, [None,None], 200, 9, YX, 0.088, 0.221
2, invariant_residuals, {'method': 'linear','test': 'ks'}, sqrt, 100, soft, additive, 2, 1, [None,None], 50, 0, XY, 0.396, 0.555
2, invariant_residuals, {'method': 'linear','test': 'ks'}, sqrt, 100, soft, additive, 2, 1, [None,None], 50, 0, YX, 1.0, 0.869
2, invariant_residuals, {'method': 'linear','test': 'ks'}, sqrt, 100, soft, additive, 2, 1, [None,None], 50, 1, XY, 0.998, 0.526
2, invariant_residuals, {'method': 'linear','test': 'ks'}, sqrt, 100, soft, additive, 2, 1, [None,None], 50, 1, YX, 1.0, 0.967
2, invariant_residuals, {'method': 'linear','test': 'ks'}, sqrt, 100, soft, additive, 2, 1, [None,None], 50, 2, XY, 0.396, 0.484
2, invariant_residuals, {'method': 'linear','test': 'ks'}, sqrt, 100, soft, additive, 2, 1, [None,None], 50, 2, YX, 0.367, 0.272
2, invariant_residuals, {'method': 'linear','test': 'ks'}, sqrt, 100, soft, additive, 2, 1, [None,None], 50, 3, XY, 0.012, 0.134
2, invariant_residuals, {'method': 'linear','test': 'ks'}, sqrt, 100, soft, additive, 2, 1, [None,None], 50, 3, YX, 0.024, 0.272
2, invariant_residuals, {'method': 'linear','test': 'ks'}, sqrt, 100, soft, additive, 2, 1, [None,None], 50, 4, XY, 0.998, 0.159
2, invariant_residuals, {'method': 'linear','test': 'ks'}, sqrt, 100, soft, additive, 2, 1, [None,None], 50, 4, YX, 1.0, 0.179
2, invariant_residuals, {'method': 'linear','test': 'ks'}, sqrt, 100, soft, additive, 2, 1, [None,None], 50, 5, XY, 0.112, 0.175
2, invariant_residuals, {'method': 'linear','test': 'ks'}, sqrt, 100, soft, additive, 2, 1, [None,None], 50, 5, YX, 0.396, 0.112
2, invariant_residuals, {'method': 'linear','test': 'ks'}, sqrt, 100, soft, additive, 2, 1, [None,None], 50, 6, XY, 0.179, 0.765
2, invariant_residuals, {'method': 'linear','test': 'ks'}, sqrt, 100, soft, additive, 2, 1, [None,None], 50, 6, YX, 0.062, 0.717
2, invariant_residuals, {'method': 'linear','test': 'ks'}, sqrt, 100, soft, additive, 2, 1, [None,None], 50, 7, XY, 0.272, 0.452
2, invariant_residuals, {'method': 'linear','test': 'ks'}, sqrt, 100, soft, additive, 2, 1, [None,None], 50, 7, YX, 0.097, 0.869
2, invariant_residuals, {'method': 'linear','test': 'ks'}, sqrt, 100, soft, additive, 2, 1, [None,None], 50, 8, XY, 0.717, 1.0
2, invariant_residuals, {'method': 'linear','test': 'ks'}, sqrt, 100, soft, additive, 2, 1, [None,None], 50, 8, YX, 0.381, 0.967
2, invariant_residuals, {'method': 'linear','test': 'ks'}, sqrt, 100, soft, additive, 2, 1, [None,None], 50, 9, XY, 0.967, 0.129
2, invariant_residuals, {'method': 'linear','test': 'ks'}, sqrt, 100, soft, additive, 2, 1, [None,None], 50, 9, YX, 1.0, 0.112
2, invariant_residuals, {'method': 'linear','test': 'ks'}, sqrt, 100, soft, additive, 2, 1, [None,None], 100, 0, XY, 0.815, 1.0
2, invariant_residuals, {'method': 'linear','test': 'ks'}, sqrt, 100, soft, additive, 2, 1, [None,None], 100, 0, YX, 0.312, 0.368
2, invariant_residuals, {'method': 'linear','test': 'ks'}, sqrt, 100, soft, additive, 2, 1, [None,None], 100, 1, XY, 0.702, 1.0
2, invariant_residuals, {'method': 'linear','test': 'ks'}, sqrt, 100, soft, additive, 2, 1, [None,None], 100, 1, YX, 0.542, 0.815
2, invariant_residuals, {'method': 'linear','test': 'ks'}, sqrt, 100, soft, additive, 2, 1, [None,None], 100, 2, XY, 0.211, 1.0
2, invariant_residuals, {'method': 'linear','test': 'ks'}, sqrt, 100, soft, additive, 2, 1, [None,None], 100, 2, YX, 0.175, 0.815
2, invariant_residuals, {'method': 'linear','test': 'ks'}, sqrt, 100, soft, additive, 2, 1, [None,None], 100, 3, XY, 0.282, 1.0
2, invariant_residuals, {'method': 'linear','test': 'ks'}, sqrt, 100, soft, additive, 2, 1, [None,None], 100, 3, YX, 0.259, 0.702
2, invariant_residuals, {'method': 'linear','test': 'ks'}, sqrt, 100, soft, additive, 2, 1, [None,None], 100, 4, XY, 0.47, 0.025
2, invariant_residuals, {'method': 'linear','test': 'ks'}, sqrt, 100, soft, additive, 2, 1, [None,None], 100, 4, YX, 0.302, 0.01
2, invariant_residuals, {'method': 'linear','test': 'ks'}, sqrt, 100, soft, additive, 2, 1, [None,None], 100, 5, XY, 0.583, 0.756
2, invariant_residuals, {'method': 'linear','test': 'ks'}, sqrt, 100, soft, additive, 2, 1, [None,None], 100, 5, YX, 0.256, 0.908
2, invariant_residuals, {'method': 'linear','test': 'ks'}, sqrt, 100, soft, additive, 2, 1, [None,None], 100, 6, XY, 0.368, 0.555
2, invariant_residuals, {'method': 'linear','test': 'ks'}, sqrt, 100, soft, additive, 2, 1, [None,None], 100, 6, YX, 0.083, 0.583
2, invariant_residuals, {'method': 'linear','test': 'ks'}, sqrt, 100, soft, additive, 2, 1, [None,None], 100, 7, XY, 0.47, 1.0
2, invariant_residuals, {'method': 'linear','test': 'ks'}, sqrt, 100, soft, additive, 2, 1, [None,None], 100, 7, YX, 0.814, 0.583
2, invariant_residuals, {'method': 'linear','test': 'ks'}, sqrt, 100, soft, additive, 2, 1, [None,None], 100, 8, XY, 0.815, 0.688
2, invariant_residuals, {'method': 'linear','test': 'ks'}, sqrt, 100, soft, additive, 2, 1, [None,None], 100, 8, YX, 0.491, 0.815
2, invariant_residuals, {'method': 'linear','test': 'ks'}, sqrt, 100, soft, additive, 2, 1, [None,None], 100, 9, XY, 0.211, 0.174
2, invariant_residuals, {'method': 'linear','test': 'ks'}, sqrt, 100, soft, additive, 2, 1, [None,None], 100, 9, YX, 0.045, 0.702
2, invariant_residuals, {'method': 'linear','test': 'ks'}, sqrt, 100, soft, additive, 2, 1, [None,None], 200, 0, XY, 0.328, 0.578
2, invariant_residuals, {'method': 'linear','test': 'ks'}, sqrt, 100, soft, additive, 2, 1, [None,None], 200, 0, YX, 0.144, 0.924
2, invariant_residuals, {'method': 'linear','test': 'ks'}, sqrt, 100, soft, additive, 2, 1, [None,None], 200, 1, XY, 0.965, 1.0
2, invariant_residuals, {'method': 'linear','test': 'ks'}, sqrt, 100, soft, additive, 2, 1, [None,None], 200, 1, YX, 1.0, 0.866
2, invariant_residuals, {'method': 'linear','test': 'ks'}, sqrt, 100, soft, additive, 2, 1, [None,None], 200, 2, XY, 0.178, 0.281
2, invariant_residuals, {'method': 'linear','test': 'ks'}, sqrt, 100, soft, additive, 2, 1, [None,None], 200, 2, YX, 0.096, 0.112
2, invariant_residuals, {'method': 'linear','test': 'ks'}, sqrt, 100, soft, additive, 2, 1, [None,None], 200, 3, XY, 0.965, 0.128
2, invariant_residuals, {'method': 'linear','test': 'ks'}, sqrt, 100, soft, additive, 2, 1, [None,None], 200, 3, YX, 0.358, 0.545
2, invariant_residuals, {'method': 'linear','test': 'ks'}, sqrt, 100, soft, additive, 2, 1, [None,None], 200, 4, XY, 0.016, 0.512
2, invariant_residuals, {'method': 'linear','test': 'ks'}, sqrt, 100, soft, additive, 2, 1, [None,None], 200, 4, YX, 0.03, 0.793
2, invariant_residuals, {'method': 'linear','test': 'ks'}, sqrt, 100, soft, additive, 2, 1, [None,None], 200, 5, XY, 0.466, 1.0
2, invariant_residuals, {'method': 'linear','test': 'ks'}, sqrt, 100, soft, additive, 2, 1, [None,None], 200, 5, YX, 1.0, 0.545
2, invariant_residuals, {'method': 'linear','test': 'ks'}, sqrt, 100, soft, additive, 2, 1, [None,None], 200, 6, XY, 0.965, 0.646
2, invariant_residuals, {'method': 'linear','test': 'ks'}, sqrt, 100, soft, additive, 2, 1, [None,None], 200, 6, YX, 0.529, 0.793
2, invariant_residuals, {'method': 'linear','test': 'ks'}, sqrt, 100, soft, additive, 2, 1, [None,None], 200, 7, XY, 0.628, 0.456
2, invariant_residuals, {'method': 'linear','test': 'ks'}, sqrt, 100, soft, additive, 2, 1, [None,None], 200, 7, YX, 0.687, 0.178
2, invariant_residuals, {'method': 'linear','test': 'ks'}, sqrt, 100, soft, additive, 2, 1, [None,None], 200, 8, XY, 0.221, 0.413
2, invariant_residuals, {'method': 'linear','test': 'ks'}, sqrt, 100, soft, additive, 2, 1, [None,None], 200, 8, YX, 0.411, 0.221
2, invariant_residuals, {'method': 'linear','test': 'ks'}, sqrt, 100, soft, additive, 2, 1, [None,None], 200, 9, XY, 0.04, 0.36
2, invariant_residuals, {'method': 'linear','test': 'ks'}, sqrt, 100, soft, additive, 2, 1, [None,None], 200, 9, YX, 0.088, 0.394
3, invariant_residuals, {'method': 'gam','test': 'ks'}, sqrt, 100, soft, additive, 2, 1, [0,1], 50, 0, XY, 0.0, 0.0
3, invariant_residuals, {'method': 'gam','test': 'ks'}, sqrt, 100, soft, additive, 2, 1, [0,1], 50, 0, YX, 0.0, 0.012
3, invariant_residuals, {'method': 'gam','test': 'ks'}, sqrt, 100, soft, additive, 2, 1, [0,1], 50, 1, XY, 0.0, 0.0
3, invariant_residuals, {'method': 'gam','test': 'ks'}, sqrt, 100, soft, additive, 2, 1, [0,1], 50, 1, YX, 0.0, 0.006
3, invariant_residuals, {'method': 'gam','test': 'ks'}, sqrt, 100, soft, additive, 2, 1, [0,1], 50, 2, XY, 0.0, 0.0
3, invariant_residuals, {'method': 'gam','test': 'ks'}, sqrt, 100, soft, additive, 2, 1, [0,1], 50, 2, YX, 0.0, 0.003
3, invariant_residuals, {'method': 'gam','test': 'ks'}, sqrt, 100, soft, additive, 2, 1, [0,1], 50, 3, XY, 0.0, 0.0
3, invariant_residuals, {'method': 'gam','test': 'ks'}, sqrt, 100, soft, additive, 2, 1, [0,1], 50, 3, YX, 0.0, 0.001
3, invariant_residuals, {'method': 'gam','test': 'ks'}, sqrt, 100, soft, additive, 2, 1, [0,1], 50, 4, XY, 0.0, 0.0
3, invariant_residuals, {'method': 'gam','test': 'ks'}, sqrt, 100, soft, additive, 2, 1, [0,1], 50, 4, YX, 0.0, 0.0
3, invariant_residuals, {'method': 'gam','test': 'ks'}, sqrt, 100, soft, additive, 2, 1, [0,1], 50, 5, XY, 0.0, 0.0
3, invariant_residuals, {'method': 'gam','test': 'ks'}, sqrt, 100, soft, additive, 2, 1, [0,1], 50, 5, YX, 0.0, 0.0
3, invariant_residuals, {'method': 'gam','test': 'ks'}, sqrt, 100, soft, additive, 2, 1, [0,1], 50, 6, XY, 0.0, 0.0
3, invariant_residuals, {'method': 'gam','test': 'ks'}, sqrt, 100, soft, additive, 2, 1, [0,1], 50, 6, YX, 0.0, 0.003
3, invariant_residuals, {'method': 'gam','test': 'ks'}, sqrt, 100, soft, additive, 2, 1, [0,1], 50, 7, XY, 0.0, 0.0
3, invariant_residuals, {'method': 'gam','test': 'ks'}, sqrt, 100, soft, additive, 2, 1, [0,1], 50, 7, YX, 0.0, 0.0
3, invariant_residuals, {'method': 'gam','test': 'ks'}, sqrt, 100, soft, additive, 2, 1, [0,1], 50, 8, XY, 0.0, 0.0
3, invariant_residuals, {'method': 'gam','test': 'ks'}, sqrt, 100, soft, additive, 2, 1, [0,1], 50, 8, YX, 0.0, 0.001
3, invariant_residuals, {'method': 'gam','test': 'ks'}, sqrt, 100, soft, additive, 2, 1, [0,1], 50, 9, XY, 0.0, 0.0
3, invariant_residuals, {'method': 'gam','test': 'ks'}, sqrt, 100, soft, additive, 2, 1, [0,1], 50, 9, YX, 0.0, 0.012
3, invariant_residuals, {'method': 'gam','test': 'ks'}, sqrt, 100, soft, additive, 2, 1, [0,1], 100, 0, XY, 0.0, 0.0
3, invariant_residuals, {'method': 'gam','test': 'ks'}, sqrt, 100, soft, additive, 2, 1, [0,1], 100, 0, YX, 0.0, 0.0
3, invariant_residuals, {'method': 'gam','test': 'ks'}, sqrt, 100, soft, additive, 2, 1, [0,1], 100, 1, XY, 0.0, 0.0
3, invariant_residuals, {'method': 'gam','test': 'ks'}, sqrt, 100, soft, additive, 2, 1, [0,1], 100, 1, YX, 0.0, 0.0
3, invariant_residuals, {'method': 'gam','test': 'ks'}, sqrt, 100, soft, additive, 2, 1, [0,1], 100, 2, XY, 0.0, 0.0
3, invariant_residuals, {'method': 'gam','test': 'ks'}, sqrt, 100, soft, additive, 2, 1, [0,1], 100, 2, YX, 0.0, 0.0
3, invariant_residuals, {'method': 'gam','test': 'ks'}, sqrt, 100, soft, additive, 2, 1, [0,1], 100, 3, XY, 0.0, 0.0
3, invariant_residuals, {'method': 'gam','test': 'ks'}, sqrt, 100, soft, additive, 2, 1, [0,1], 100, 3, YX, 0.0, 0.0
3, invariant_residuals, {'method': 'gam','test': 'ks'}, sqrt, 100, soft, additive, 2, 1, [0,1], 100, 4, XY, 0.0, 0.0
3, invariant_residuals, {'method': 'gam','test': 'ks'}, sqrt, 100, soft, additive, 2, 1, [0,1], 100, 4, YX, 0.0, 0.0
3, invariant_residuals, {'method': 'gam','test': 'ks'}, sqrt, 100, soft, additive, 2, 1, [0,1], 100, 5, XY, 0.0, 0.0
3, invariant_residuals, {'method': 'gam','test': 'ks'}, sqrt, 100, soft, additive, 2, 1, [0,1], 100, 5, YX, 0.0, 0.0
3, invariant_residuals, {'method': 'gam','test': 'ks'}, sqrt, 100, soft, additive, 2, 1, [0,1], 100, 6, XY, 0.0, 0.0
3, invariant_residuals, {'method': 'gam','test': 'ks'}, sqrt, 100, soft, additive, 2, 1, [0,1], 100, 6, YX, 0.0, 0.0
3, invariant_residuals, {'method': 'gam','test': 'ks'}, sqrt, 100, soft, additive, 2, 1, [0,1], 100, 7, XY, 0.0, 0.0
3, invariant_residuals, {'method': 'gam','test': 'ks'}, sqrt, 100, soft, additive, 2, 1, [0,1], 100, 7, YX, 0.0, 0.0
3, invariant_residuals, {'method': 'gam','test': 'ks'}, sqrt, 100, soft, additive, 2, 1, [0,1], 100, 8, XY, 0.0, 0.0
3, invariant_residuals, {'method': 'gam','test': 'ks'}, sqrt, 100, soft, additive, 2, 1, [0,1], 100, 8, YX, 0.0, 0.0
3, invariant_residuals, {'method': 'gam','test': 'ks'}, sqrt, 100, soft, additive, 2, 1, [0,1], 100, 9, XY, 0.0, 0.0
3, invariant_residuals, {'method': 'gam','test': 'ks'}, sqrt, 100, soft, additive, 2, 1, [0,1], 100, 9, YX, 0.0, 0.0
3, invariant_residuals, {'method': 'gam','test': 'ks'}, sqrt, 100, soft, additive, 2, 1, [0,1], 200, 0, XY, 0.0, 0.0
3, invariant_residuals, {'method': 'gam','test': 'ks'}, sqrt, 100, soft, additive, 2, 1, [0,1], 200, 0, YX, 0.0, 0.0
3, invariant_residuals, {'method': 'gam','test': 'ks'}, sqrt, 100, soft, additive, 2, 1, [0,1], 200, 1, XY, 0.0, 0.0
3, invariant_residuals, {'method': 'gam','test': 'ks'}, sqrt, 100, soft, additive, 2, 1, [0,1], 200, 1, YX, 0.0, 0.0
3, invariant_residuals, {'method': 'gam','test': 'ks'}, sqrt, 100, soft, additive, 2, 1, [0,1], 200, 2, XY, 0.0, 0.0
3, invariant_residuals, {'method': 'gam','test': 'ks'}, sqrt, 100, soft, additive, 2, 1, [0,1], 200, 2, YX, 0.0, 0.0
3, invariant_residuals, {'method': 'gam','test': 'ks'}, sqrt, 100, soft, additive, 2, 1, [0,1], 200, 3, XY, 0.0, 0.0
3, invariant_residuals, {'method': 'gam','test': 'ks'}, sqrt, 100, soft, additive, 2, 1, [0,1], 200, 3, YX, 0.0, 0.0
3, invariant_residuals, {'method': 'gam','test': 'ks'}, sqrt, 100, soft, additive, 2, 1, [0,1], 200, 4, XY, 0.0, 0.0
3, invariant_residuals, {'method': 'gam','test': 'ks'}, sqrt, 100, soft, additive, 2, 1, [0,1], 200, 4, YX, 0.0, 0.0
3, invariant_residuals, {'method': 'gam','test': 'ks'}, sqrt, 100, soft, additive, 2, 1, [0,1], 200, 5, XY, 0.0, 0.0
3, invariant_residuals, {'method': 'gam','test': 'ks'}, sqrt, 100, soft, additive, 2, 1, [0,1], 200, 5, YX, 0.0, 0.0
3, invariant_residuals, {'method': 'gam','test': 'ks'}, sqrt, 100, soft, additive, 2, 1, [0,1], 200, 6, XY, 0.0, 0.0
3, invariant_residuals, {'method': 'gam','test': 'ks'}, sqrt, 100, soft, additive, 2, 1, [0,1], 200, 6, YX, 0.0, 0.0
3, invariant_residuals, {'method': 'gam','test': 'ks'}, sqrt, 100, soft, additive, 2, 1, [0,1], 200, 7, XY, 0.0, 0.0
3, invariant_residuals, {'method': 'gam','test': 'ks'}, sqrt, 100, soft, additive, 2, 1, [0,1], 200, 7, YX, 0.0, 0.0
3, invariant_residuals, {'method': 'gam','test': 'ks'}, sqrt, 100, soft, additive, 2, 1, [0,1], 200, 8, XY, 0.0, 0.0
3, invariant_residuals, {'method': 'gam','test': 'ks'}, sqrt, 100, soft, additive, 2, 1, [0,1], 200, 8, YX, 0.0, 0.0
3, invariant_residuals, {'method': 'gam','test': 'ks'}, sqrt, 100, soft, additive, 2, 1, [0,1], 200, 9, XY, 0.0, 0.0
3, invariant_residuals, {'method': 'gam','test': 'ks'}, sqrt, 100, soft, additive, 2, 1, [0,1], 200, 9, YX, 0.0, 0.0
3, invariant_residuals, {'method': 'linear','test': 'ks'}, sqrt, 100, soft, additive, 2, 1, [0,1], 50, 0, XY, 0.0, 0.0
3, invariant_residuals, {'method': 'linear','test': 'ks'}, sqrt, 100, soft, additive, 2, 1, [0,1], 50, 0, YX, 0.0, 0.039
3, invariant_residuals, {'method': 'linear','test': 'ks'}, sqrt, 100, soft, additive, 2, 1, [0,1], 50, 1, XY, 0.0, 0.0
3, invariant_residuals, {'method': 'linear','test': 'ks'}, sqrt, 100, soft, additive, 2, 1, [0,1], 50, 1, YX, 0.0, 0.039
3, invariant_residuals, {'method': 'linear','test': 'ks'}, sqrt, 100, soft, additive, 2, 1, [0,1], 50, 2, XY, 0.0, 0.0
3, invariant_residuals, {'method': 'linear','test': 'ks'}, sqrt, 100, soft, additive, 2, 1, [0,1], 50, 2, YX, 0.0, 0.006
3, invariant_residuals, {'method': 'linear','test': 'ks'}, sqrt, 100, soft, additive, 2, 1, [0,1], 50, 3, XY, 0.0, 0.0
3, invariant_residuals, {'method': 'linear','test': 'ks'}, sqrt, 100, soft, additive, 2, 1, [0,1], 50, 3, YX, 0.0, 0.003
3, invariant_residuals, {'method': 'linear','test': 'ks'}, sqrt, 100, soft, additive, 2, 1, [0,1], 50, 4, XY, 0.001, 0.0
3, invariant_residuals, {'method': 'linear','test': 'ks'}, sqrt, 100, soft, additive, 2, 1, [0,1], 50, 4, YX, 0.0, 0.0
3, invariant_residuals, {'method': 'linear','test': 'ks'}, sqrt, 100, soft, additive, 2, 1, [0,1], 50, 5, XY, 0.0, 0.0
3, invariant_residuals, {'method': 'linear','test': 'ks'}, sqrt, 100, soft, additive, 2, 1, [0,1], 50, 5, YX, 0.0, 0.001
3, invariant_residuals, {'method': 'linear','test': 'ks'}, sqrt, 100, soft, additive, 2, 1, [0,1], 50, 6, XY, 0.0, 0.0
3, invariant_residuals, {'method': 'linear','test': 'ks'}, sqrt, 100, soft, additive, 2, 1, [0,1], 50, 6, YX, 0.0, 0.001
3, invariant_residuals, {'method': 'linear','test': 'ks'}, sqrt, 100, soft, additive, 2, 1, [0,1], 50, 7, XY, 0.0, 0.0
3, invariant_residuals, {'method': 'linear','test': 'ks'}, sqrt, 100, soft, additive, 2, 1, [0,1], 50, 7, YX, 0.0, 0.0
3, invariant_residuals, {'method': 'linear','test': 'ks'}, sqrt, 100, soft, additive, 2, 1, [0,1], 50, 8, XY, 0.0, 0.0
3, invariant_residuals, {'method': 'linear','test': 'ks'}, sqrt, 100, soft, additive, 2, 1, [0,1], 50, 8, YX, 0.0, 0.003
3, invariant_residuals, {'method': 'linear','test': 'ks'}, sqrt, 100, soft, additive, 2, 1, [0,1], 50, 9, XY, 0.0, 0.0
3, invariant_residuals, {'method': 'linear','test': 'ks'}, sqrt, 100, soft, additive, 2, 1, [0,1], 50, 9, YX, 0.0, 0.022
3, invariant_residuals, {'method': 'linear','test': 'ks'}, sqrt, 100, soft, additive, 2, 1, [0,1], 100, 0, XY, 0.0, 0.0
3, invariant_residuals, {'method': 'linear','test': 'ks'}, sqrt, 100, soft, additive, 2, 1, [0,1], 100, 0, YX, 0.0, 0.004
3, invariant_residuals, {'method': 'linear','test': 'ks'}, sqrt, 100, soft, additive, 2, 1, [0,1], 100, 1, XY, 0.0, 0.0
3, invariant_residuals, {'method': 'linear','test': 'ks'}, sqrt, 100, soft, additive, 2, 1, [0,1], 100, 1, YX, 0.0, 0.0
3, invariant_residuals, {'method': 'linear','test': 'ks'}, sqrt, 100, soft, additive, 2, 1, [0,1], 100, 2, XY, 0.0, 0.0
3, invariant_residuals, {'method': 'linear','test': 'ks'}, sqrt, 100, soft, additive, 2, 1, [0,1], 100, 2, YX, 0.0, 0.0
3, invariant_residuals, {'method': 'linear','test': 'ks'}, sqrt, 100, soft, additive, 2, 1, [0,1], 100, 3, XY, 0.0, 0.0
3, invariant_residuals, {'method': 'linear','test': 'ks'}, sqrt, 100, soft, additive, 2, 1, [0,1], 100, 3, YX, 0.0, 0.0
3, invariant_residuals, {'method': 'linear','test': 'ks'}, sqrt, 100, soft, additive, 2, 1, [0,1], 100, 4, XY, 0.0, 0.0
3, invariant_residuals, {'method': 'linear','test': 'ks'}, sqrt, 100, soft, additive, 2, 1, [0,1], 100, 4, YX, 0.0, 0.0
3, invariant_residuals, {'method': 'linear','test': 'ks'}, sqrt, 100, soft, additive, 2, 1, [0,1], 100, 5, XY, 0.0, 0.0
3, invariant_residuals, {'method': 'linear','test': 'ks'}, sqrt, 100, soft, additive, 2, 1, [0,1], 100, 5, YX, 0.0, 0.0
3, invariant_residuals, {'method': 'linear','test': 'ks'}, sqrt, 100, soft, additive, 2, 1, [0,1], 100, 6, XY, 0.0, 0.0
3, invariant_residuals, {'method': 'linear','test': 'ks'}, sqrt, 100, soft, additive, 2, 1, [0,1], 100, 6, YX, 0.0, 0.0
3, invariant_residuals, {'method': 'linear','test': 'ks'}, sqrt, 100, soft, additive, 2, 1, [0,1], 100, 7, XY, 0.0, 0.0
3, invariant_residuals, {'method': 'linear','test': 'ks'}, sqrt, 100, soft, additive, 2, 1, [0,1], 100, 7, YX, 0.0, 0.0
3, invariant_residuals, {'method': 'linear','test': 'ks'}, sqrt, 100, soft, additive, 2, 1, [0,1], 100, 8, XY, 0.0, 0.0
3, invariant_residuals, {'method': 'linear','test': 'ks'}, sqrt, 100, soft, additive, 2, 1, [0,1], 100, 8, YX, 0.0, 0.0
3, invariant_residuals, {'method': 'linear','test': 'ks'}, sqrt, 100, soft, additive, 2, 1, [0,1], 100, 9, XY, 0.0, 0.0
3, invariant_residuals, {'method': 'linear','test': 'ks'}, sqrt, 100, soft, additive, 2, 1, [0,1], 100, 9, YX, 0.0, 0.002
3, invariant_residuals, {'method': 'linear','test': 'ks'}, sqrt, 100, soft, additive, 2, 1, [0,1], 200, 0, XY, 0.0, 0.0
3, invariant_residuals, {'method': 'linear','test': 'ks'}, sqrt, 100, soft, additive, 2, 1, [0,1], 200, 0, YX, 0.0, 0.0
3, invariant_residuals, {'method': 'linear','test': 'ks'}, sqrt, 100, soft, additive, 2, 1, [0,1], 200, 1, XY, 0.0, 0.0
3, invariant_residuals, {'method': 'linear','test': 'ks'}, sqrt, 100, soft, additive, 2, 1, [0,1], 200, 1, YX, 0.0, 0.0
3, invariant_residuals, {'method': 'linear','test': 'ks'}, sqrt, 100, soft, additive, 2, 1, [0,1], 200, 2, XY, 0.0, 0.0
3, invariant_residuals, {'method': 'linear','test': 'ks'}, sqrt, 100, soft, additive, 2, 1, [0,1], 200, 2, YX, 0.0, 0.0
3, invariant_residuals, {'method': 'linear','test': 'ks'}, sqrt, 100, soft, additive, 2, 1, [0,1], 200, 3, XY, 0.0, 0.0
3, invariant_residuals, {'method': 'linear','test': 'ks'}, sqrt, 100, soft, additive, 2, 1, [0,1], 200, 3, YX, 0.0, 0.0
3, invariant_residuals, {'method': 'linear','test': 'ks'}, sqrt, 100, soft, additive, 2, 1, [0,1], 200, 4, XY, 0.0, 0.0
3, invariant_residuals, {'method': 'linear','test': 'ks'}, sqrt, 100, soft, additive, 2, 1, [0,1], 200, 4, YX, 0.0, 0.0
3, invariant_residuals, {'method': 'linear','test': 'ks'}, sqrt, 100, soft, additive, 2, 1, [0,1], 200, 5, XY, 0.0, 0.0
3, invariant_residuals, {'method': 'linear','test': 'ks'}, sqrt, 100, soft, additive, 2, 1, [0,1], 200, 5, YX, 0.0, 0.0
3, invariant_residuals, {'method': 'linear','test': 'ks'}, sqrt, 100, soft, additive, 2, 1, [0,1], 200, 6, XY, 0.0, 0.0
3, invariant_residuals, {'method': 'linear','test': 'ks'}, sqrt, 100, soft, additive, 2, 1, [0,1], 200, 6, YX, 0.0, 0.0
3, invariant_residuals, {'method': 'linear','test': 'ks'}, sqrt, 100, soft, additive, 2, 1, [0,1], 200, 7, XY, 0.0, 0.0
3, invariant_residuals, {'method': 'linear','test': 'ks'}, sqrt, 100, soft, additive, 2, 1, [0,1], 200, 7, YX, 0.0, 0.0
3, invariant_residuals, {'method': 'linear','test': 'ks'}, sqrt, 100, soft, additive, 2, 1, [0,1], 200, 8, XY, 0.0, 0.0
3, invariant_residuals, {'method': 'linear','test': 'ks'}, sqrt, 100, soft, additive, 2, 1, [0,1], 200, 8, YX, 0.0, 0.0
3, invariant_residuals, {'method': 'linear','test': 'ks'}, sqrt, 100, soft, additive, 2, 1, [0,1], 200, 9, XY, 0.0, 0.0
3, invariant_residuals, {'method': 'linear','test': 'ks'}, sqrt, 100, soft, additive, 2, 1, [0,1], 200, 9, YX, 0.0, 0.0
0, kci, {}, sqrt, 100, soft, additive, 2, 1, [None,0], 50, 0, XY, 0.0, 0.146
0, kci, {}, sqrt, 100, soft, additive, 2, 1, [None,0], 50, 0, YX, 0.0, 0.392
0, kci, {}, sqrt, 100, soft, additive, 2, 1, [None,0], 50, 1, XY, 0.0, 0.094
0, kci, {}, sqrt, 100, soft, additive, 2, 1, [None,0], 50, 1, YX, 0.0, 0.311
0, kci, {}, sqrt, 100, soft, additive, 2, 1, [None,0], 50, 2, XY, 0.0, 0.039
0, kci, {}, sqrt, 100, soft, additive, 2, 1, [None,0], 50, 2, YX, 0.0, 0.422
0, kci, {}, sqrt, 100, soft, additive, 2, 1, [None,0], 50, 3, XY, 0.0, 0.011
0, kci, {}, sqrt, 100, soft, additive, 2, 1, [None,0], 50, 3, YX, 0.0, 0.041
0, kci, {}, sqrt, 100, soft, additive, 2, 1, [None,0], 50, 4, XY, 0.0, 0.199
0, kci, {}, sqrt, 100, soft, additive, 2, 1, [None,0], 50, 4, YX, 0.0, 0.709
0, kci, {}, sqrt, 100, soft, additive, 2, 1, [None,0], 50, 5, XY, 0.0, 0.045
0, kci, {}, sqrt, 100, soft, additive, 2, 1, [None,0], 50, 5, YX, 0.0, 0.093
0, kci, {}, sqrt, 100, soft, additive, 2, 1, [None,0], 50, 6, XY, 0.0, 0.131
0, kci, {}, sqrt, 100, soft, additive, 2, 1, [None,0], 50, 6, YX, 0.0, 0.647
0, kci, {}, sqrt, 100, soft, additive, 2, 1, [None,0], 50, 7, XY, 0.0, 0.025
0, kci, {}, sqrt, 100, soft, additive, 2, 1, [None,0], 50, 7, YX, 0.0, 0.766
0, kci, {}, sqrt, 100, soft, additive, 2, 1, [None,0], 50, 8, XY, 0.0, 0.027
0, kci, {}, sqrt, 100, soft, additive, 2, 1, [None,0], 50, 8, YX, 0.0, 0.654
0, kci, {}, sqrt, 100, soft, additive, 2, 1, [None,0], 50, 9, XY, 0.0, 1.0
0, kci, {}, sqrt, 100, soft, additive, 2, 1, [None,0], 50, 9, YX, 0.0, 0.293
0, kci, {}, sqrt, 100, soft, additive, 2, 1, [None,0], 100, 0, XY, 0.0, 0.027
0, kci, {}, sqrt, 100, soft, additive, 2, 1, [None,0], 100, 0, YX, 0.0, 0.507
0, kci, {}, sqrt, 100, soft, additive, 2, 1, [None,0], 100, 1, XY, 0.0, 0.046
0, kci, {}, sqrt, 100, soft, additive, 2, 1, [None,0], 100, 1, YX, 0.0, 0.689
0, kci, {}, sqrt, 100, soft, additive, 2, 1, [None,0], 100, 2, XY, 0.0, 0.022
0, kci, {}, sqrt, 100, soft, additive, 2, 1, [None,0], 100, 2, YX, 0.0, 0.422
0, kci, {}, sqrt, 100, soft, additive, 2, 1, [None,0], 100, 3, XY, 0.0, 0.205
0, kci, {}, sqrt, 100, soft, additive, 2, 1, [None,0], 100, 3, YX, 0.0, 0.267
0, kci, {}, sqrt, 100, soft, additive, 2, 1, [None,0], 100, 4, XY, 0.0, 0.08
0, kci, {}, sqrt, 100, soft, additive, 2, 1, [None,0], 100, 4, YX, 0.0, 0.828
0, kci, {}, sqrt, 100, soft, additive, 2, 1, [None,0], 100, 5, XY, 0.0, 0.116
0, kci, {}, sqrt, 100, soft, additive, 2, 1, [None,0], 100, 5, YX, 0.0, 0.317
0, kci, {}, sqrt, 100, soft, additive, 2, 1, [None,0], 100, 6, XY, 0.0, 0.047
0, kci, {}, sqrt, 100, soft, additive, 2, 1, [None,0], 100, 6, YX, 0.0, 0.408
0, kci, {}, sqrt, 100, soft, additive, 2, 1, [None,0], 100, 7, XY, 0.0, 0.054
0, kci, {}, sqrt, 100, soft, additive, 2, 1, [None,0], 100, 7, YX, 0.0, 0.284
0, kci, {}, sqrt, 100, soft, additive, 2, 1, [None,0], 100, 8, XY, 0.0, 0.0
0, kci, {}, sqrt, 100, soft, additive, 2, 1, [None,0], 100, 8, YX, 0.0, 0.638
0, kci, {}, sqrt, 100, soft, additive, 2, 1, [None,0], 100, 9, XY, 0.0, 0.004
0, kci, {}, sqrt, 100, soft, additive, 2, 1, [None,0], 100, 9, YX, 0.0, 0.229
0, kci, {}, sqrt, 100, soft, additive, 2, 1, [None,0], 200, 0, XY, 0.0, 0.002
0, kci, {}, sqrt, 100, soft, additive, 2, 1, [None,0], 200, 0, YX, 0.0, 0.764
0, kci, {}, sqrt, 100, soft, additive, 2, 1, [None,0], 200, 1, XY, 0.0, 0.0
0, kci, {}, sqrt, 100, soft, additive, 2, 1, [None,0], 200, 1, YX, 0.0, 0.62
0, kci, {}, sqrt, 100, soft, additive, 2, 1, [None,0], 200, 2, XY, 0.0, 0.001
0, kci, {}, sqrt, 100, soft, additive, 2, 1, [None,0], 200, 2, YX, 0.0, 0.901
0, kci, {}, sqrt, 100, soft, additive, 2, 1, [None,0], 200, 3, XY, 0.0, 0.001
0, kci, {}, sqrt, 100, soft, additive, 2, 1, [None,0], 200, 3, YX, 0.0, 0.201
0, kci, {}, sqrt, 100, soft, additive, 2, 1, [None,0], 200, 4, XY, 0.0, 0.0
0, kci, {}, sqrt, 100, soft, additive, 2, 1, [None,0], 200, 4, YX, 0.0, 0.849
0, kci, {}, sqrt, 100, soft, additive, 2, 1, [None,0], 200, 5, XY, 0.0, 0.0
0, kci, {}, sqrt, 100, soft, additive, 2, 1, [None,0], 200, 5, YX, 0.0, 0.847
0, kci, {}, sqrt, 100, soft, additive, 2, 1, [None,0], 200, 6, XY, 0.0, 0.0
0, kci, {}, sqrt, 100, soft, additive, 2, 1, [None,0], 200, 6, YX, 0.0, 0.275
0, kci, {}, sqrt, 100, soft, additive, 2, 1, [None,0], 200, 7, XY, 0.0, 0.002
0, kci, {}, sqrt, 100, soft, additive, 2, 1, [None,0], 200, 7, YX, 0.0, 0.195
0, kci, {}, sqrt, 100, soft, additive, 2, 1, [None,0], 200, 8, XY, 0.0, 0.013
0, kci, {}, sqrt, 100, soft, additive, 2, 1, [None,0], 200, 8, YX, 0.0, 0.815
0, kci, {}, sqrt, 100, soft, additive, 2, 1, [None,0], 200, 9, XY, 0.0, 0.0
0, kci, {}, sqrt, 100, soft, additive, 2, 1, [None,0], 200, 9, YX, 0.0, 0.54
0, fisherz, {}, sqrt, 100, soft, additive, 2, 1, [None,0], 50, 0, XY, 0.0, 0.146
0, fisherz, {}, sqrt, 100, soft, additive, 2, 1, [None,0], 50, 0, YX, 0.0, 0.235
0, fisherz, {}, sqrt, 100, soft, additive, 2, 1, [None,0], 50, 1, XY, 0.0, 0.094
0, fisherz, {}, sqrt, 100, soft, additive, 2, 1, [None,0], 50, 1, YX, 0.0, 0.607
0, fisherz, {}, sqrt, 100, soft, additive, 2, 1, [None,0], 50, 2, XY, 0.0, 0.039
0, fisherz, {}, sqrt, 100, soft, additive, 2, 1, [None,0], 50, 2, YX, 0.0, 0.13
0, fisherz, {}, sqrt, 100, soft, additive, 2, 1, [None,0], 50, 3, XY, 0.0, 0.011
0, fisherz, {}, sqrt, 100, soft, additive, 2, 1, [None,0], 50, 3, YX, 0.0, 0.375
0, fisherz, {}, sqrt, 100, soft, additive, 2, 1, [None,0], 50, 4, XY, 0.0, 0.199
0, fisherz, {}, sqrt, 100, soft, additive, 2, 1, [None,0], 50, 4, YX, 0.0, 0.491
0, fisherz, {}, sqrt, 100, soft, additive, 2, 1, [None,0], 50, 5, XY, 0.0, 0.045
0, fisherz, {}, sqrt, 100, soft, additive, 2, 1, [None,0], 50, 5, YX, 0.0, 0.976
0, fisherz, {}, sqrt, 100, soft, additive, 2, 1, [None,0], 50, 6, XY, 0.0, 0.131
0, fisherz, {}, sqrt, 100, soft, additive, 2, 1, [None,0], 50, 6, YX, 0.0, 0.526
0, fisherz, {}, sqrt, 100, soft, additive, 2, 1, [None,0], 50, 7, XY, 0.0, 0.025
0, fisherz, {}, sqrt, 100, soft, additive, 2, 1, [None,0], 50, 7, YX, 0.0, 0.138
0, fisherz, {}, sqrt, 100, soft, additive, 2, 1, [None,0], 50, 8, XY, 0.0, 0.027
0, fisherz, {}, sqrt, 100, soft, additive, 2, 1, [None,0], 50, 8, YX, 0.0, 0.399
0, fisherz, {}, sqrt, 100, soft, additive, 2, 1, [None,0], 50, 9, XY, 0.0, 1.0
0, fisherz, {}, sqrt, 100, soft, additive, 2, 1, [None,0], 50, 9, YX, 0.0, 0.599
0, fisherz, {}, sqrt, 100, soft, additive, 2, 1, [None,0], 100, 0, XY, 0.0, 0.027
0, fisherz, {}, sqrt, 100, soft, additive, 2, 1, [None,0], 100, 0, YX, 0.0, 0.435
0, fisherz, {}, sqrt, 100, soft, additive, 2, 1, [None,0], 100, 1, XY, 0.0, 0.046
0, fisherz, {}, sqrt, 100, soft, additive, 2, 1, [None,0], 100, 1, YX, 0.0, 0.821
0, fisherz, {}, sqrt, 100, soft, additive, 2, 1, [None,0], 100, 2, XY, 0.0, 0.022
0, fisherz, {}, sqrt, 100, soft, additive, 2, 1, [None,0], 100, 2, YX, 0.0, 0.593
0, fisherz, {}, sqrt, 100, soft, additive, 2, 1, [None,0], 100, 3, XY, 0.0, 0.205
0, fisherz, {}, sqrt, 100, soft, additive, 2, 1, [None,0], 100, 3, YX, 0.0, 0.358
0, fisherz, {}, sqrt, 100, soft, additive, 2, 1, [None,0], 100, 4, XY, 0.0, 0.08
0, fisherz, {}, sqrt, 100, soft, additive, 2, 1, [None,0], 100, 4, YX, 0.0, 0.06
0, fisherz, {}, sqrt, 100, soft, additive, 2, 1, [None,0], 100, 5, XY, 0.0, 0.116
0, fisherz, {}, sqrt, 100, soft, additive, 2, 1, [None,0], 100, 5, YX, 0.0, 0.41
0, fisherz, {}, sqrt, 100, soft, additive, 2, 1, [None,0], 100, 6, XY, 0.0, 0.047
0, fisherz, {}, sqrt, 100, soft, additive, 2, 1, [None,0], 100, 6, YX, 0.0, 0.703
0, fisherz, {}, sqrt, 100, soft, additive, 2, 1, [None,0], 100, 7, XY, 0.0, 0.054
0, fisherz, {}, sqrt, 100, soft, additive, 2, 1, [None,0], 100, 7, YX, 0.0, 0.174
0, fisherz, {}, sqrt, 100, soft, additive, 2, 1, [None,0], 100, 8, XY, 0.0, 0.0
0, fisherz, {}, sqrt, 100, soft, additive, 2, 1, [None,0], 100, 8, YX, 0.0, 0.001
0, fisherz, {}, sqrt, 100, soft, additive, 2, 1, [None,0], 100, 9, XY, 0.0, 0.004
0, fisherz, {}, sqrt, 100, soft, additive, 2, 1, [None,0], 100, 9, YX, 0.0, 0.364
0, fisherz, {}, sqrt, 100, soft, additive, 2, 1, [None,0], 200, 0, XY, 0.0, 0.002
0, fisherz, {}, sqrt, 100, soft, additive, 2, 1, [None,0], 200, 0, YX, 0.0, 0.279
0, fisherz, {}, sqrt, 100, soft, additive, 2, 1, [None,0], 200, 1, XY, 0.0, 0.0
0, fisherz, {}, sqrt, 100, soft, additive, 2, 1, [None,0], 200, 1, YX, 0.0, 0.034
0, fisherz, {}, sqrt, 100, soft, additive, 2, 1, [None,0], 200, 2, XY, 0.0, 0.001
0, fisherz, {}, sqrt, 100, soft, additive, 2, 1, [None,0], 200, 2, YX, 0.0, 0.069
0, fisherz, {}, sqrt, 100, soft, additive, 2, 1, [None,0], 200, 3, XY, 0.0, 0.001
0, fisherz, {}, sqrt, 100, soft, additive, 2, 1, [None,0], 200, 3, YX, 0.0, 0.01
0, fisherz, {}, sqrt, 100, soft, additive, 2, 1, [None,0], 200, 4, XY, 0.0, 0.0
0, fisherz, {}, sqrt, 100, soft, additive, 2, 1, [None,0], 200, 4, YX, 0.0, 0.23
0, fisherz, {}, sqrt, 100, soft, additive, 2, 1, [None,0], 200, 5, XY, 0.0, 0.0
0, fisherz, {}, sqrt, 100, soft, additive, 2, 1, [None,0], 200, 5, YX, 0.0, 0.118
0, fisherz, {}, sqrt, 100, soft, additive, 2, 1, [None,0], 200, 6, XY, 0.0, 0.0
0, fisherz, {}, sqrt, 100, soft, additive, 2, 1, [None,0], 200, 6, YX, 0.0, 0.036
0, fisherz, {}, sqrt, 100, soft, additive, 2, 1, [None,0], 200, 7, XY, 0.0, 0.002
0, fisherz, {}, sqrt, 100, soft, additive, 2, 1, [None,0], 200, 7, YX, 0.0, 0.347
0, fisherz, {}, sqrt, 100, soft, additive, 2, 1, [None,0], 200, 8, XY, 0.0, 0.013
0, fisherz, {}, sqrt, 100, soft, additive, 2, 1, [None,0], 200, 8, YX, 0.0, 0.136
0, fisherz, {}, sqrt, 100, soft, additive, 2, 1, [None,0], 200, 9, XY, 0.0, 0.0
0, fisherz, {}, sqrt, 100, soft, additive, 2, 1, [None,0], 200, 9, YX, 0.0, 0.009
1, kci, {}, sqrt, 100, soft, additive, 2, 1, [None,1], 50, 0, XY, 0.025, 0.0
1, kci, {}, sqrt, 100, soft, additive, 2, 1, [None,1], 50, 0, YX, 1.0, 0.0
1, kci, {}, sqrt, 100, soft, additive, 2, 1, [None,1], 50, 1, XY, 0.093, 0.0
1, kci, {}, sqrt, 100, soft, additive, 2, 1, [None,1], 50, 1, YX, 1.0, 0.0
1, kci, {}, sqrt, 100, soft, additive, 2, 1, [None,1], 50, 2, XY, 0.0, 0.0
1, kci, {}, sqrt, 100, soft, additive, 2, 1, [None,1], 50, 2, YX, 0.367, 0.0
1, kci, {}, sqrt, 100, soft, additive, 2, 1, [None,1], 50, 3, XY, 0.748, 0.0
1, kci, {}, sqrt, 100, soft, additive, 2, 1, [None,1], 50, 3, YX, 0.024, 0.0
1, kci, {}, sqrt, 100, soft, additive, 2, 1, [None,1], 50, 4, XY, 0.0, 0.0
1, kci, {}, sqrt, 100, soft, additive, 2, 1, [None,1], 50, 4, YX, 1.0, 0.0
1, kci, {}, sqrt, 100, soft, additive, 2, 1, [None,1], 50, 5, XY, 0.0, 0.0
1, kci, {}, sqrt, 100, soft, additive, 2, 1, [None,1], 50, 5, YX, 0.396, 0.0
1, kci, {}, sqrt, 100, soft, additive, 2, 1, [None,1], 50, 6, XY, 0.0, 0.0
1, kci, {}, sqrt, 100, soft, additive, 2, 1, [None,1], 50, 6, YX, 0.062, 0.0
1, kci, {}, sqrt, 100, soft, additive, 2, 1, [None,1], 50, 7, XY, 0.101, 0.0
1, kci, {}, sqrt, 100, soft, additive, 2, 1, [None,1], 50, 7, YX, 0.097, 0.0
1, kci, {}, sqrt, 100, soft, additive, 2, 1, [None,1], 50, 8, XY, 0.018, 0.0
1, kci, {}, sqrt, 100, soft, additive, 2, 1, [None,1], 50, 8, YX, 0.381, 0.0
1, kci, {}, sqrt, 100, soft, additive, 2, 1, [None,1], 50, 9, XY, 0.001, 0.0
1, kci, {}, sqrt, 100, soft, additive, 2, 1, [None,1], 50, 9, YX, 1.0, 0.0
1, kci, {}, sqrt, 100, soft, additive, 2, 1, [None,1], 100, 0, XY, 0.0, 0.0
1, kci, {}, sqrt, 100, soft, additive, 2, 1, [None,1], 100, 0, YX, 0.312, 0.0
1, kci, {}, sqrt, 100, soft, additive, 2, 1, [None,1], 100, 1, XY, 0.0, 0.0
1, kci, {}, sqrt, 100, soft, additive, 2, 1, [None,1], 100, 1, YX, 0.542, 0.0
1, kci, {}, sqrt, 100, soft, additive, 2, 1, [None,1], 100, 2, XY, 0.002, 0.0
1, kci, {}, sqrt, 100, soft, additive, 2, 1, [None,1], 100, 2, YX, 0.175, 0.0
1, kci, {}, sqrt, 100, soft, additive, 2, 1, [None,1], 100, 3, XY, 0.001, 0.0
1, kci, {}, sqrt, 100, soft, additive, 2, 1, [None,1], 100, 3, YX, 0.259, 0.0
1, kci, {}, sqrt, 100, soft, additive, 2, 1, [None,1], 100, 4, XY, 0.0, 0.0
1, kci, {}, sqrt, 100, soft, additive, 2, 1, [None,1], 100, 4, YX, 0.302, 0.0
1, kci, {}, sqrt, 100, soft, additive, 2, 1, [None,1], 100, 5, XY, 0.022, 0.0
1, kci, {}, sqrt, 100, soft, additive, 2, 1, [None,1], 100, 5, YX, 0.256, 0.0
1, kci, {}, sqrt, 100, soft, additive, 2, 1, [None,1], 100, 6, XY, 0.0, 0.0
1, kci, {}, sqrt, 100, soft, additive, 2, 1, [None,1], 100, 6, YX, 0.083, 0.0
1, kci, {}, sqrt, 100, soft, additive, 2, 1, [None,1], 100, 7, XY, 0.0, 0.0
1, kci, {}, sqrt, 100, soft, additive, 2, 1, [None,1], 100, 7, YX, 0.814, 0.0
1, kci, {}, sqrt, 100, soft, additive, 2, 1, [None,1], 100, 8, XY, 0.0, 0.0
1, kci, {}, sqrt, 100, soft, additive, 2, 1, [None,1], 100, 8, YX, 0.491, 0.0
1, kci, {}, sqrt, 100, soft, additive, 2, 1, [None,1], 100, 9, XY, 0.0, 0.0
1, kci, {}, sqrt, 100, soft, additive, 2, 1, [None,1], 100, 9, YX, 0.045, 0.0
1, kci, {}, sqrt, 100, soft, additive, 2, 1, [None,1], 200, 0, XY, 0.0, 0.0
1, kci, {}, sqrt, 100, soft, additive, 2, 1, [None,1], 200, 0, YX, 0.144, 0.0
1, kci, {}, sqrt, 100, soft, additive, 2, 1, [None,1], 200, 1, XY, 0.0, 0.0
1, kci, {}, sqrt, 100, soft, additive, 2, 1, [None,1], 200, 1, YX, 1.0, 0.0
1, kci, {}, sqrt, 100, soft, additive, 2, 1, [None,1], 200, 2, XY, 0.0, 0.0
1, kci, {}, sqrt, 100, soft, additive, 2, 1, [None,1], 200, 2, YX, 0.096, 0.0
1, kci, {}, sqrt, 100, soft, additive, 2, 1, [None,1], 200, 3, XY, 0.0, 0.0
1, kci, {}, sqrt, 100, soft, additive, 2, 1, [None,1], 200, 3, YX, 0.358, 0.0
1, kci, {}, sqrt, 100, soft, additive, 2, 1, [None,1], 200, 4, XY, 0.0, 0.0
1, kci, {}, sqrt, 100, soft, additive, 2, 1, [None,1], 200, 4, YX, 0.03, 0.0
1, kci, {}, sqrt, 100, soft, additive, 2, 1, [None,1], 200, 5, XY, 0.0, 0.0
1, kci, {}, sqrt, 100, soft, additive, 2, 1, [None,1], 200, 5, YX, 1.0, 0.0
1, kci, {}, sqrt, 100, soft, additive, 2, 1, [None,1], 200, 6, XY, 0.0, 0.0
1, kci, {}, sqrt, 100, soft, additive, 2, 1, [None,1], 200, 6, YX, 0.529, 0.0
1, kci, {}, sqrt, 100, soft, additive, 2, 1, [None,1], 200, 7, XY, 0.0, 0.0
1, kci, {}, sqrt, 100, soft, additive, 2, 1, [None,1], 200, 7, YX, 0.687, 0.0
1, kci, {}, sqrt, 100, soft, additive, 2, 1, [None,1], 200, 8, XY, 0.0, 0.0
1, kci, {}, sqrt, 100, soft, additive, 2, 1, [None,1], 200, 8, YX, 0.411, 0.0
1, kci, {}, sqrt, 100, soft, additive, 2, 1, [None,1], 200, 9, XY, 0.0, 0.0
1, kci, {}, sqrt, 100, soft, additive, 2, 1, [None,1], 200, 9, YX, 0.088, 0.0
1, fisherz, {}, sqrt, 100, soft, additive, 2, 1, [None,1], 50, 0, XY, 0.014, 0.0
1, fisherz, {}, sqrt, 100, soft, additive, 2, 1, [None,1], 50, 0, YX, 1.0, 0.0
1, fisherz, {}, sqrt, 100, soft, additive, 2, 1, [None,1], 50, 1, XY, 0.019, 0.0
1, fisherz, {}, sqrt, 100, soft, additive, 2, 1, [None,1], 50, 1, YX, 1.0, 0.0
1, fisherz, {}, sqrt, 100, soft, additive, 2, 1, [None,1], 50, 2, XY, 0.0, 0.0
1, fisherz, {}, sqrt, 100, soft, additive, 2, 1, [None,1], 50, 2, YX, 0.367, 0.0
1, fisherz, {}, sqrt, 100, soft, additive, 2, 1, [None,1], 50, 3, XY, 0.662, 0.0
1, fisherz, {}, sqrt, 100, soft, additive, 2, 1, [None,1], 50, 3, YX, 0.024, 0.0
1, fisherz, {}, sqrt, 100, soft, additive, 2, 1, [None,1], 50, 4, XY, 0.003, 0.0
1, fisherz, {}, sqrt, 100, soft, additive, 2, 1, [None,1], 50, 4, YX, 1.0, 0.0
1, fisherz, {}, sqrt, 100, soft, additive, 2, 1, [None,1], 50, 5, XY, 0.0, 0.0
1, fisherz, {}, sqrt, 100, soft, additive, 2, 1, [None,1], 50, 5, YX, 0.396, 0.0
1, fisherz, {}, sqrt, 100, soft, additive, 2, 1, [None,1], 50, 6, XY, 0.0, 0.0
1, fisherz, {}, sqrt, 100, soft, additive, 2, 1, [None,1], 50, 6, YX, 0.062, 0.0
1, fisherz, {}, sqrt, 100, soft, additive, 2, 1, [None,1], 50, 7, XY, 0.441, 0.0
1, fisherz, {}, sqrt, 100, soft, additive, 2, 1, [None,1], 50, 7, YX, 0.097, 0.0
1, fisherz, {}, sqrt, 100, soft, additive, 2, 1, [None,1], 50, 8, XY, 0.018, 0.0
1, fisherz, {}, sqrt, 100, soft, additive, 2, 1, [None,1], 50, 8, YX, 0.381, 0.0
1, fisherz, {}, sqrt, 100, soft, additive, 2, 1, [None,1], 50, 9, XY, 0.0, 0.0
1, fisherz, {}, sqrt, 100, soft, additive, 2, 1, [None,1], 50, 9, YX, 1.0, 0.0
1, fisherz, {}, sqrt, 100, soft, additive, 2, 1, [None,1], 100, 0, XY, 0.0, 0.0
1, fisherz, {}, sqrt, 100, soft, additive, 2, 1, [None,1], 100, 0, YX, 0.312, 0.0
1, fisherz, {}, sqrt, 100, soft, additive, 2, 1, [None,1], 100, 1, XY, 0.0, 0.0
1, fisherz, {}, sqrt, 100, soft, additive, 2, 1, [None,1], 100, 1, YX, 0.542, 0.0
1, fisherz, {}, sqrt, 100, soft, additive, 2, 1, [None,1], 100, 2, XY, 0.001, 0.0
1, fisherz, {}, sqrt, 100, soft, additive, 2, 1, [None,1], 100, 2, YX, 0.175, 0.0
1, fisherz, {}, sqrt, 100, soft, additive, 2, 1, [None,1], 100, 3, XY, 0.001, 0.0
1, fisherz, {}, sqrt, 100, soft, additive, 2, 1, [None,1], 100, 3, YX, 0.259, 0.0
1, fisherz, {}, sqrt, 100, soft, additive, 2, 1, [None,1], 100, 4, XY, 0.0, 0.0
1, fisherz, {}, sqrt, 100, soft, additive, 2, 1, [None,1], 100, 4, YX, 0.302, 0.0
1, fisherz, {}, sqrt, 100, soft, additive, 2, 1, [None,1], 100, 5, XY, 0.0, 0.0
1, fisherz, {}, sqrt, 100, soft, additive, 2, 1, [None,1], 100, 5, YX, 0.256, 0.0
1, fisherz, {}, sqrt, 100, soft, additive, 2, 1, [None,1], 100, 6, XY, 0.0, 0.0
1, fisherz, {}, sqrt, 100, soft, additive, 2, 1, [None,1], 100, 6, YX, 0.083, 0.0
1, fisherz, {}, sqrt, 100, soft, additive, 2, 1, [None,1], 100, 7, XY, 0.004, 0.0
1, fisherz, {}, sqrt, 100, soft, additive, 2, 1, [None,1], 100, 7, YX, 0.814, 0.0
1, fisherz, {}, sqrt, 100, soft, additive, 2, 1, [None,1], 100, 8, XY, 0.0, 0.0
1, fisherz, {}, sqrt, 100, soft, additive, 2, 1, [None,1], 100, 8, YX, 0.491, 0.0
1, fisherz, {}, sqrt, 100, soft, additive, 2, 1, [None,1], 100, 9, XY, 0.0, 0.0
1, fisherz, {}, sqrt, 100, soft, additive, 2, 1, [None,1], 100, 9, YX, 0.045, 0.0
1, fisherz, {}, sqrt, 100, soft, additive, 2, 1, [None,1], 200, 0, XY, 0.0, 0.0
1, fisherz, {}, sqrt, 100, soft, additive, 2, 1, [None,1], 200, 0, YX, 0.144, 0.0
1, fisherz, {}, sqrt, 100, soft, additive, 2, 1, [None,1], 200, 1, XY, 0.0, 0.0
1, fisherz, {}, sqrt, 100, soft, additive, 2, 1, [None,1], 200, 1, YX, 1.0, 0.0
1, fisherz, {}, sqrt, 100, soft, additive, 2, 1, [None,1], 200, 2, XY, 0.0, 0.0
1, fisherz, {}, sqrt, 100, soft, additive, 2, 1, [None,1], 200, 2, YX, 0.096, 0.0
1, fisherz, {}, sqrt, 100, soft, additive, 2, 1, [None,1], 200, 3, XY, 0.0, 0.0
1, fisherz, {}, sqrt, 100, soft, additive, 2, 1, [None,1], 200, 3, YX, 0.358, 0.0
1, fisherz, {}, sqrt, 100, soft, additive, 2, 1, [None,1], 200, 4, XY, 0.0, 0.0
1, fisherz, {}, sqrt, 100, soft, additive, 2, 1, [None,1], 200, 4, YX, 0.03, 0.0
1, fisherz, {}, sqrt, 100, soft, additive, 2, 1, [None,1], 200, 5, XY, 0.0, 0.0
1, fisherz, {}, sqrt, 100, soft, additive, 2, 1, [None,1], 200, 5, YX, 1.0, 0.0
1, fisherz, {}, sqrt, 100, soft, additive, 2, 1, [None,1], 200, 6, XY, 0.0, 0.0
1, fisherz, {}, sqrt, 100, soft, additive, 2, 1, [None,1], 200, 6, YX, 0.529, 0.0
1, fisherz, {}, sqrt, 100, soft, additive, 2, 1, [None,1], 200, 7, XY, 0.0, 0.0
1, fisherz, {}, sqrt, 100, soft, additive, 2, 1, [None,1], 200, 7, YX, 0.687, 0.0
1, fisherz, {}, sqrt, 100, soft, additive, 2, 1, [None,1], 200, 8, XY, 0.0, 0.0
1, fisherz, {}, sqrt, 100, soft, additive, 2, 1, [None,1], 200, 8, YX, 0.411, 0.0
1, fisherz, {}, sqrt, 100, soft, additive, 2, 1, [None,1], 200, 9, XY, 0.0, 0.0
1, fisherz, {}, sqrt, 100, soft, additive, 2, 1, [None,1], 200, 9, YX, 0.088, 0.0
2, kci, {}, sqrt, 100, soft, additive, 2, 1, [None,None], 50, 0, XY, 0.554, 0.555
2, kci, {}, sqrt, 100, soft, additive, 2, 1, [None,None], 50, 0, YX, 1.0, 0.307
2, kci, {}, sqrt, 100, soft, additive, 2, 1, [None,None], 50, 1, XY, 0.853, 0.526
2, kci, {}, sqrt, 100, soft, additive, 2, 1, [None,None], 50, 1, YX, 1.0, 0.751
2, kci, {}, sqrt, 100, soft, additive, 2, 1, [None,None], 50, 2, XY, 0.78, 0.484
2, kci, {}, sqrt, 100, soft, additive, 2, 1, [None,None], 50, 2, YX, 0.367, 0.494
2, kci, {}, sqrt, 100, soft, additive, 2, 1, [None,None], 50, 3, XY, 0.009, 0.134
2, kci, {}, sqrt, 100, soft, additive, 2, 1, [None,None], 50, 3, YX, 0.024, 0.079
2, kci, {}, sqrt, 100, soft, additive, 2, 1, [None,None], 50, 4, XY, 0.944, 0.159
2, kci, {}, sqrt, 100, soft, additive, 2, 1, [None,None], 50, 4, YX, 1.0, 0.416
2, kci, {}, sqrt, 100, soft, additive, 2, 1, [None,None], 50, 5, XY, 0.069, 0.175
2, kci, {}, sqrt, 100, soft, additive, 2, 1, [None,None], 50, 5, YX, 0.396, 0.112
2, kci, {}, sqrt, 100, soft, additive, 2, 1, [None,None], 50, 6, XY, 0.036, 0.765
2, kci, {}, sqrt, 100, soft, additive, 2, 1, [None,None], 50, 6, YX, 0.062, 0.607
2, kci, {}, sqrt, 100, soft, additive, 2, 1, [None,None], 50, 7, XY, 0.114, 0.452
2, kci, {}, sqrt, 100, soft, additive, 2, 1, [None,None], 50, 7, YX, 0.097, 0.552
2, kci, {}, sqrt, 100, soft, additive, 2, 1, [None,None], 50, 8, XY, 0.379, 1.0
2, kci, {}, sqrt, 100, soft, additive, 2, 1, [None,None], 50, 8, YX, 0.381, 0.731
2, kci, {}, sqrt, 100, soft, additive, 2, 1, [None,None], 50, 9, XY, 0.774, 0.129
2, kci, {}, sqrt, 100, soft, additive, 2, 1, [None,None], 50, 9, YX, 1.0, 0.106
2, kci, {}, sqrt, 100, soft, additive, 2, 1, [None,None], 100, 0, XY, 0.113, 1.0
2, kci, {}, sqrt, 100, soft, additive, 2, 1, [None,None], 100, 0, YX, 0.312, 0.493
2, kci, {}, sqrt, 100, soft, additive, 2, 1, [None,None], 100, 1, XY, 0.683, 1.0
2, kci, {}, sqrt, 100, soft, additive, 2, 1, [None,None], 100, 1, YX, 0.542, 0.597
2, kci, {}, sqrt, 100, soft, additive, 2, 1, [None,None], 100, 2, XY, 0.056, 1.0
2, kci, {}, sqrt, 100, soft, additive, 2, 1, [None,None], 100, 2, YX, 0.175, 0.606
2, kci, {}, sqrt, 100, soft, additive, 2, 1, [None,None], 100, 3, XY, 0.339, 1.0
2, kci, {}, sqrt, 100, soft, additive, 2, 1, [None,None], 100, 3, YX, 0.259, 0.598
2, kci, {}, sqrt, 100, soft, additive, 2, 1, [None,None], 100, 4, XY, 0.796, 0.025
2, kci, {}, sqrt, 100, soft, additive, 2, 1, [None,None], 100, 4, YX, 0.302, 0.053
2, kci, {}, sqrt, 100, soft, additive, 2, 1, [None,None], 100, 5, XY, 0.437, 0.756
2, kci, {}, sqrt, 100, soft, additive, 2, 1, [None,None], 100, 5, YX, 0.256, 0.735
2, kci, {}, sqrt, 100, soft, additive, 2, 1, [None,None], 100, 6, XY, 0.016, 0.555
2, kci, {}, sqrt, 100, soft, additive, 2, 1, [None,None], 100, 6, YX, 0.083, 0.678
2, kci, {}, sqrt, 100, soft, additive, 2, 1, [None,None], 100, 7, XY, 0.787, 1.0
2, kci, {}, sqrt, 100, soft, additive, 2, 1, [None,None], 100, 7, YX, 0.814, 0.785
2, kci, {}, sqrt, 100, soft, additive, 2, 1, [None,None], 100, 8, XY, 0.41, 0.688
2, kci, {}, sqrt, 100, soft, additive, 2, 1, [None,None], 100, 8, YX, 0.491, 0.698
2, kci, {}, sqrt, 100, soft, additive, 2, 1, [None,None], 100, 9, XY, 0.024, 0.174
2, kci, {}, sqrt, 100, soft, additive, 2, 1, [None,None], 100, 9, YX, 0.045, 0.435
2, kci, {}, sqrt, 100, soft, additive, 2, 1, [None,None], 200, 0, XY, 0.162, 0.578
2, kci, {}, sqrt, 100, soft, additive, 2, 1, [None,None], 200, 0, YX, 0.144, 0.771
2, kci, {}, sqrt, 100, soft, additive, 2, 1, [None,None], 200, 1, XY, 0.618, 1.0
2, kci, {}, sqrt, 100, soft, additive, 2, 1, [None,None], 200, 1, YX, 1.0, 0.359
2, kci, {}, sqrt, 100, soft, additive, 2, 1, [None,None], 200, 2, XY, 0.065, 0.281
2, kci, {}, sqrt, 100, soft, additive, 2, 1, [None,None], 200, 2, YX, 0.096, 0.579
2, kci, {}, sqrt, 100, soft, additive, 2, 1, [None,None], 200, 3, XY, 0.83, 0.128
2, kci, {}, sqrt, 100, soft, additive, 2, 1, [None,None], 200, 3, YX, 0.358, 0.231
2, kci, {}, sqrt, 100, soft, additive, 2, 1, [None,None], 200, 4, XY, 0.056, 0.512
2, kci, {}, sqrt, 100, soft, additive, 2, 1, [None,None], 200, 4, YX, 0.03, 0.681
2, kci, {}, sqrt, 100, soft, additive, 2, 1, [None,None], 200, 5, XY, 0.827, 1.0
2, kci, {}, sqrt, 100, soft, additive, 2, 1, [None,None], 200, 5, YX, 1.0, 0.888
2, kci, {}, sqrt, 100, soft, additive, 2, 1, [None,None], 200, 6, XY, 0.708, 0.646
2, kci, {}, sqrt, 100, soft, additive, 2, 1, [None,None], 200, 6, YX, 0.529, 0.739
2, kci, {}, sqrt, 100, soft, additive, 2, 1, [None,None], 200, 7, XY, 0.429, 0.456
2, kci, {}, sqrt, 100, soft, additive, 2, 1, [None,None], 200, 7, YX, 0.687, 0.411
2, kci, {}, sqrt, 100, soft, additive, 2, 1, [None,None], 200, 8, XY, 0.359, 0.413
2, kci, {}, sqrt, 100, soft, additive, 2, 1, [None,None], 200, 8, YX, 0.411, 0.663
2, kci, {}, sqrt, 100, soft, additive, 2, 1, [None,None], 200, 9, XY, 0.02, 0.36
2, kci, {}, sqrt, 100, soft, additive, 2, 1, [None,None], 200, 9, YX, 0.088, 0.499
2, fisherz, {}, sqrt, 100, soft, additive, 2, 1, [None,None], 50, 0, XY, 0.97, 0.555
2, fisherz, {}, sqrt, 100, soft, additive, 2, 1, [None,None], 50, 0, YX, 1.0, 0.842
2, fisherz, {}, sqrt, 100, soft, additive, 2, 1, [None,None], 50, 1, XY, 0.644, 0.526
2, fisherz, {}, sqrt, 100, soft, additive, 2, 1, [None,None], 50, 1, YX, 1.0, 0.718
2, fisherz, {}, sqrt, 100, soft, additive, 2, 1, [None,None], 50, 2, XY, 0.887, 0.484
2, fisherz, {}, sqrt, 100, soft, additive, 2, 1, [None,None], 50, 2, YX, 0.367, 0.628
2, fisherz, {}, sqrt, 100, soft, additive, 2, 1, [None,None], 50, 3, XY, 0.002, 0.134
2, fisherz, {}, sqrt, 100, soft, additive, 2, 1, [None,None], 50, 3, YX, 0.024, 0.234
2, fisherz, {}, sqrt, 100, soft, additive, 2, 1, [None,None], 50, 4, XY, 0.694, 0.159
2, fisherz, {}, sqrt, 100, soft, additive, 2, 1, [None,None], 50, 4, YX, 1.0, 0.231
2, fisherz, {}, sqrt, 100, soft, additive, 2, 1, [None,None], 50, 5, XY, 0.114, 0.175
2, fisherz, {}, sqrt, 100, soft, additive, 2, 1, [None,None], 50, 5, YX, 0.396, 0.058
2, fisherz, {}, sqrt, 100, soft, additive, 2, 1, [None,None], 50, 6, XY, 0.462, 0.765
2, fisherz, {}, sqrt, 100, soft, additive, 2, 1, [None,None], 50, 6, YX, 0.062, 0.436
2, fisherz, {}, sqrt, 100, soft, additive, 2, 1, [None,None], 50, 7, XY, 0.059, 0.452
2, fisherz, {}, sqrt, 100, soft, additive, 2, 1, [None,None], 50, 7, YX, 0.097, 0.881
2, fisherz, {}, sqrt, 100, soft, additive, 2, 1, [None,None], 50, 8, XY, 0.558, 1.0
2, fisherz, {}, sqrt, 100, soft, additive, 2, 1, [None,None], 50, 8, YX, 0.381, 0.566
2, fisherz, {}, sqrt, 100, soft, additive, 2, 1, [None,None], 50, 9, XY, 0.964, 0.129
2, fisherz, {}, sqrt, 100, soft, additive, 2, 1, [None,None], 50, 9, YX, 1.0, 0.359
2, fisherz, {}, sqrt, 100, soft, additive, 2, 1, [None,None], 100, 0, XY, 0.921, 1.0
2, fisherz, {}, sqrt, 100, soft, additive, 2, 1, [None,None], 100, 0, YX, 0.312, 0.71
2, fisherz, {}, sqrt, 100, soft, additive, 2, 1, [None,None], 100, 1, XY, 0.445, 1.0
2, fisherz, {}, sqrt, 100, soft, additive, 2, 1, [None,None], 100, 1, YX, 0.542, 0.84
2, fisherz, {}, sqrt, 100, soft, additive, 2, 1, [None,None], 100, 2, XY, 0.614, 1.0
2, fisherz, {}, sqrt, 100, soft, additive, 2, 1, [None,None], 100, 2, YX, 0.175, 0.743
2, fisherz, {}, sqrt, 100, soft, additive, 2, 1, [None,None], 100, 3, XY, 0.526, 1.0
2, fisherz, {}, sqrt, 100, soft, additive, 2, 1, [None,None], 100, 3, YX, 0.259, 0.993
2, fisherz, {}, sqrt, 100, soft, additive, 2, 1, [None,None], 100, 4, XY, 0.268, 0.025
2, fisherz, {}, sqrt, 100, soft, additive, 2, 1, [None,None], 100, 4, YX, 0.302, 0.006
2, fisherz, {}, sqrt, 100, soft, additive, 2, 1, [None,None], 100, 5, XY, 0.542, 0.756
2, fisherz, {}, sqrt, 100, soft, additive, 2, 1, [None,None], 100, 5, YX, 0.256, 0.944
2, fisherz, {}, sqrt, 100, soft, additive, 2, 1, [None,None], 100, 6, XY, 0.319, 0.555
2, fisherz, {}, sqrt, 100, soft, additive, 2, 1, [None,None], 100, 6, YX, 0.083, 0.274
2, fisherz, {}, sqrt, 100, soft, additive, 2, 1, [None,None], 100, 7, XY, 0.301, 1.0
2, fisherz, {}, sqrt, 100, soft, additive, 2, 1, [None,None], 100, 7, YX, 0.814, 0.974
2, fisherz, {}, sqrt, 100, soft, additive, 2, 1, [None,None], 100, 8, XY, 0.776, 0.688
2, fisherz, {}, sqrt, 100, soft, additive, 2, 1, [None,None], 100, 8, YX, 0.491, 0.705
2, fisherz, {}, sqrt, 100, soft, additive, 2, 1, [None,None], 100, 9, XY, 0.44, 0.174
2, fisherz, {}, sqrt, 100, soft, additive, 2, 1, [None,None], 100, 9, YX, 0.045, 0.555
2, fisherz, {}, sqrt, 100, soft, additive, 2, 1, [None,None], 200, 0, XY, 0.716, 0.578
2, fisherz, {}, sqrt, 100, soft, additive, 2, 1, [None,None], 200, 0, YX, 0.144, 0.89
2, fisherz, {}, sqrt, 100, soft, additive, 2, 1, [None,None], 200, 1, XY, 0.44, 1.0
2, fisherz, {}, sqrt, 100, soft, additive, 2, 1, [None,None], 200, 1, YX, 1.0, 0.616
2, fisherz, {}, sqrt, 100, soft, additive, 2, 1, [None,None], 200, 2, XY, 0.125, 0.281
2, fisherz, {}, sqrt, 100, soft, additive, 2, 1, [None,None], 200, 2, YX, 0.096, 0.099
2, fisherz, {}, sqrt, 100, soft, additive, 2, 1, [None,None], 200, 3, XY, 0.838, 0.128
2, fisherz, {}, sqrt, 100, soft, additive, 2, 1, [None,None], 200, 3, YX, 0.358, 0.627
2, fisherz, {}, sqrt, 100, soft, additive, 2, 1, [None,None], 200, 4, XY, 0.013, 0.512
2, fisherz, {}, sqrt, 100, soft, additive, 2, 1, [None,None], 200, 4, YX, 0.03, 0.275
2, fisherz, {}, sqrt, 100, soft, additive, 2, 1, [None,None], 200, 5, XY, 0.892, 1.0
2, fisherz, {}, sqrt, 100, soft, additive, 2, 1, [None,None], 200, 5, YX, 1.0, 0.666
2, fisherz, {}, sqrt, 100, soft, additive, 2, 1, [None,None], 200, 6, XY, 0.899, 0.646
2, fisherz, {}, sqrt, 100, soft, additive, 2, 1, [None,None], 200, 6, YX, 0.529, 0.956
2, fisherz, {}, sqrt, 100, soft, additive, 2, 1, [None,None], 200, 7, XY, 0.092, 0.456
2, fisherz, {}, sqrt, 100, soft, additive, 2, 1, [None,None], 200, 7, YX, 0.687, 0.152
2, fisherz, {}, sqrt, 100, soft, additive, 2, 1, [None,None], 200, 8, XY, 0.751, 0.413
2, fisherz, {}, sqrt, 100, soft, additive, 2, 1, [None,None], 200, 8, YX, 0.411, 0.258
2, fisherz, {}, sqrt, 100, soft, additive, 2, 1, [None,None], 200, 9, XY, 0.031, 0.36
2, fisherz, {}, sqrt, 100, soft, additive, 2, 1, [None,None], 200, 9, YX, 0.088, 0.047
3, kci, {}, sqrt, 100, soft, additive, 2, 1, [0,1], 50, 0, XY, 0.0, 0.0
3, kci, {}, sqrt, 100, soft, additive, 2, 1, [0,1], 50, 0, YX, 0.0, 0.0
3, kci, {}, sqrt, 100, soft, additive, 2, 1, [0,1], 50, 1, XY, 0.0, 0.0
3, kci, {}, sqrt, 100, soft, additive, 2, 1, [0,1], 50, 1, YX, 0.0, 0.0
3, kci, {}, sqrt, 100, soft, additive, 2, 1, [0,1], 50, 2, XY, 0.0, 0.0
3, kci, {}, sqrt, 100, soft, additive, 2, 1, [0,1], 50, 2, YX, 0.0, 0.0
3, kci, {}, sqrt, 100, soft, additive, 2, 1, [0,1], 50, 3, XY, 0.0, 0.0
3, kci, {}, sqrt, 100, soft, additive, 2, 1, [0,1], 50, 3, YX, 0.0, 0.0
3, kci, {}, sqrt, 100, soft, additive, 2, 1, [0,1], 50, 4, XY, 0.0, 0.0
3, kci, {}, sqrt, 100, soft, additive, 2, 1, [0,1], 50, 4, YX, 0.0, 0.0
3, kci, {}, sqrt, 100, soft, additive, 2, 1, [0,1], 50, 5, XY, 0.0, 0.0
3, kci, {}, sqrt, 100, soft, additive, 2, 1, [0,1], 50, 5, YX, 0.0, 0.0
3, kci, {}, sqrt, 100, soft, additive, 2, 1, [0,1], 50, 6, XY, 0.0, 0.0
3, kci, {}, sqrt, 100, soft, additive, 2, 1, [0,1], 50, 6, YX, 0.0, 0.0
3, kci, {}, sqrt, 100, soft, additive, 2, 1, [0,1], 50, 7, XY, 0.0, 0.0
3, kci, {}, sqrt, 100, soft, additive, 2, 1, [0,1], 50, 7, YX, 0.0, 0.0
3, kci, {}, sqrt, 100, soft, additive, 2, 1, [0,1], 50, 8, XY, 0.0, 0.0
3, kci, {}, sqrt, 100, soft, additive, 2, 1, [0,1], 50, 8, YX, 0.0, 0.0
3, kci, {}, sqrt, 100, soft, additive, 2, 1, [0,1], 50, 9, XY, 0.0, 0.0
3, kci, {}, sqrt, 100, soft, additive, 2, 1, [0,1], 50, 9, YX, 0.0, 0.001
3, kci, {}, sqrt, 100, soft, additive, 2, 1, [0,1], 100, 0, XY, 0.0, 0.0
3, kci, {}, sqrt, 100, soft, additive, 2, 1, [0,1], 100, 0, YX, 0.0, 0.0
3, kci, {}, sqrt, 100, soft, additive, 2, 1, [0,1], 100, 1, XY, 0.0, 0.0
3, kci, {}, sqrt, 100, soft, additive, 2, 1, [0,1], 100, 1, YX, 0.0, 0.0
3, kci, {}, sqrt, 100, soft, additive, 2, 1, [0,1], 100, 2, XY, 0.0, 0.0
3, kci, {}, sqrt, 100, soft, additive, 2, 1, [0,1], 100, 2, YX, 0.0, 0.0
3, kci, {}, sqrt, 100, soft, additive, 2, 1, [0,1], 100, 3, XY, 0.0, 0.0
3, kci, {}, sqrt, 100, soft, additive, 2, 1, [0,1], 100, 3, YX, 0.0, 0.0
3, kci, {}, sqrt, 100, soft, additive, 2, 1, [0,1], 100, 4, XY, 0.0, 0.0
3, kci, {}, sqrt, 100, soft, additive, 2, 1, [0,1], 100, 4, YX, 0.0, 0.0
3, kci, {}, sqrt, 100, soft, additive, 2, 1, [0,1], 100, 5, XY, 0.0, 0.0
3, kci, {}, sqrt, 100, soft, additive, 2, 1, [0,1], 100, 5, YX, 0.0, 0.0
3, kci, {}, sqrt, 100, soft, additive, 2, 1, [0,1], 100, 6, XY, 0.0, 0.0
3, kci, {}, sqrt, 100, soft, additive, 2, 1, [0,1], 100, 6, YX, 0.0, 0.0
3, kci, {}, sqrt, 100, soft, additive, 2, 1, [0,1], 100, 7, XY, 0.0, 0.0
3, kci, {}, sqrt, 100, soft, additive, 2, 1, [0,1], 100, 7, YX, 0.0, 0.0
3, kci, {}, sqrt, 100, soft, additive, 2, 1, [0,1], 100, 8, XY, 0.0, 0.0
3, kci, {}, sqrt, 100, soft, additive, 2, 1, [0,1], 100, 8, YX, 0.0, 0.0
3, kci, {}, sqrt, 100, soft, additive, 2, 1, [0,1], 100, 9, XY, 0.0, 0.0
3, kci, {}, sqrt, 100, soft, additive, 2, 1, [0,1], 100, 9, YX, 0.0, 0.0
3, kci, {}, sqrt, 100, soft, additive, 2, 1, [0,1], 200, 0, XY, 0.0, 0.0
3, kci, {}, sqrt, 100, soft, additive, 2, 1, [0,1], 200, 0, YX, 0.0, 0.0
3, kci, {}, sqrt, 100, soft, additive, 2, 1, [0,1], 200, 1, XY, 0.0, 0.0
3, kci, {}, sqrt, 100, soft, additive, 2, 1, [0,1], 200, 1, YX, 0.0, 0.0
3, kci, {}, sqrt, 100, soft, additive, 2, 1, [0,1], 200, 2, XY, 0.0, 0.0
3, kci, {}, sqrt, 100, soft, additive, 2, 1, [0,1], 200, 2, YX, 0.0, 0.0
3, kci, {}, sqrt, 100, soft, additive, 2, 1, [0,1], 200, 3, XY, 0.0, 0.0
3, kci, {}, sqrt, 100, soft, additive, 2, 1, [0,1], 200, 3, YX, 0.0, 0.0
3, kci, {}, sqrt, 100, soft, additive, 2, 1, [0,1], 200, 4, XY, 0.0, 0.0
3, kci, {}, sqrt, 100, soft, additive, 2, 1, [0,1], 200, 4, YX, 0.0, 0.0
3, kci, {}, sqrt, 100, soft, additive, 2, 1, [0,1], 200, 5, XY, 0.0, 0.0
3, kci, {}, sqrt, 100, soft, additive, 2, 1, [0,1], 200, 5, YX, 0.0, 0.0
3, kci, {}, sqrt, 100, soft, additive, 2, 1, [0,1], 200, 6, XY, 0.0, 0.0
3, kci, {}, sqrt, 100, soft, additive, 2, 1, [0,1], 200, 6, YX, 0.0, 0.0
3, kci, {}, sqrt, 100, soft, additive, 2, 1, [0,1], 200, 7, XY, 0.0, 0.0
3, kci, {}, sqrt, 100, soft, additive, 2, 1, [0,1], 200, 7, YX, 0.0, 0.0
3, kci, {}, sqrt, 100, soft, additive, 2, 1, [0,1], 200, 8, XY, 0.0, 0.0
3, kci, {}, sqrt, 100, soft, additive, 2, 1, [0,1], 200, 8, YX, 0.0, 0.0
3, kci, {}, sqrt, 100, soft, additive, 2, 1, [0,1], 200, 9, XY, 0.0, 0.0
3, kci, {}, sqrt, 100, soft, additive, 2, 1, [0,1], 200, 9, YX, 0.0, 0.0
3, fisherz, {}, sqrt, 100, soft, additive, 2, 1, [0,1], 50, 0, XY, 0.0, 0.0
3, fisherz, {}, sqrt, 100, soft, additive, 2, 1, [0,1], 50, 0, YX, 0.0, 0.0
3, fisherz, {}, sqrt, 100, soft, additive, 2, 1, [0,1], 50, 1, XY, 0.0, 0.0
3, fisherz, {}, sqrt, 100, soft, additive, 2, 1, [0,1], 50, 1, YX, 0.0, 0.001
3, fisherz, {}, sqrt, 100, soft, additive, 2, 1, [0,1], 50, 2, XY, 0.0, 0.0
3, fisherz, {}, sqrt, 100, soft, additive, 2, 1, [0,1], 50, 2, YX, 0.0, 0.0
3, fisherz, {}, sqrt, 100, soft, additive, 2, 1, [0,1], 50, 3, XY, 0.0, 0.0
3, fisherz, {}, sqrt, 100, soft, additive, 2, 1, [0,1], 50, 3, YX, 0.0, 0.0
3, fisherz, {}, sqrt, 100, soft, additive, 2, 1, [0,1], 50, 4, XY, 0.0, 0.0
3, fisherz, {}, sqrt, 100, soft, additive, 2, 1, [0,1], 50, 4, YX, 0.0, 0.0
3, fisherz, {}, sqrt, 100, soft, additive, 2, 1, [0,1], 50, 5, XY, 0.0, 0.0
3, fisherz, {}, sqrt, 100, soft, additive, 2, 1, [0,1], 50, 5, YX, 0.0, 0.0
3, fisherz, {}, sqrt, 100, soft, additive, 2, 1, [0,1], 50, 6, XY, 0.0, 0.0
3, fisherz, {}, sqrt, 100, soft, additive, 2, 1, [0,1], 50, 6, YX, 0.0, 0.0
3, fisherz, {}, sqrt, 100, soft, additive, 2, 1, [0,1], 50, 7, XY, 0.0, 0.0
3, fisherz, {}, sqrt, 100, soft, additive, 2, 1, [0,1], 50, 7, YX, 0.0, 0.0
3, fisherz, {}, sqrt, 100, soft, additive, 2, 1, [0,1], 50, 8, XY, 0.0, 0.0
3, fisherz, {}, sqrt, 100, soft, additive, 2, 1, [0,1], 50, 8, YX, 0.0, 0.0
3, fisherz, {}, sqrt, 100, soft, additive, 2, 1, [0,1], 50, 9, XY, 0.0, 0.0
3, fisherz, {}, sqrt, 100, soft, additive, 2, 1, [0,1], 50, 9, YX, 0.0, 0.002
3, fisherz, {}, sqrt, 100, soft, additive, 2, 1, [0,1], 100, 0, XY, 0.0, 0.0
3, fisherz, {}, sqrt, 100, soft, additive, 2, 1, [0,1], 100, 0, YX, 0.0, 0.0
3, fisherz, {}, sqrt, 100, soft, additive, 2, 1, [0,1], 100, 1, XY, 0.0, 0.0
3, fisherz, {}, sqrt, 100, soft, additive, 2, 1, [0,1], 100, 1, YX, 0.0, 0.0
3, fisherz, {}, sqrt, 100, soft, additive, 2, 1, [0,1], 100, 2, XY, 0.0, 0.0
3, fisherz, {}, sqrt, 100, soft, additive, 2, 1, [0,1], 100, 2, YX, 0.0, 0.0
3, fisherz, {}, sqrt, 100, soft, additive, 2, 1, [0,1], 100, 3, XY, 0.0, 0.0
3, fisherz, {}, sqrt, 100, soft, additive, 2, 1, [0,1], 100, 3, YX, 0.0, 0.0
3, fisherz, {}, sqrt, 100, soft, additive, 2, 1, [0,1], 100, 4, XY, 0.0, 0.0
3, fisherz, {}, sqrt, 100, soft, additive, 2, 1, [0,1], 100, 4, YX, 0.0, 0.0
3, fisherz, {}, sqrt, 100, soft, additive, 2, 1, [0,1], 100, 5, XY, 0.0, 0.0
3, fisherz, {}, sqrt, 100, soft, additive, 2, 1, [0,1], 100, 5, YX, 0.0, 0.0
3, fisherz, {}, sqrt, 100, soft, additive, 2, 1, [0,1], 100, 6, XY, 0.0, 0.0
3, fisherz, {}, sqrt, 100, soft, additive, 2, 1, [0,1], 100, 6, YX, 0.0, 0.0
3, fisherz, {}, sqrt, 100, soft, additive, 2, 1, [0,1], 100, 7, XY, 0.0, 0.0
3, fisherz, {}, sqrt, 100, soft, additive, 2, 1, [0,1], 100, 7, YX, 0.0, 0.0
3, fisherz, {}, sqrt, 100, soft, additive, 2, 1, [0,1], 100, 8, XY, 0.0, 0.0
3, fisherz, {}, sqrt, 100, soft, additive, 2, 1, [0,1], 100, 8, YX, 0.0, 0.0
3, fisherz, {}, sqrt, 100, soft, additive, 2, 1, [0,1], 100, 9, XY, 0.0, 0.0
3, fisherz, {}, sqrt, 100, soft, additive, 2, 1, [0,1], 100, 9, YX, 0.0, 0.0
3, fisherz, {}, sqrt, 100, soft, additive, 2, 1, [0,1], 200, 0, XY, 0.0, 0.0
3, fisherz, {}, sqrt, 100, soft, additive, 2, 1, [0,1], 200, 0, YX, 0.0, 0.0
3, fisherz, {}, sqrt, 100, soft, additive, 2, 1, [0,1], 200, 1, XY, 0.0, 0.0
3, fisherz, {}, sqrt, 100, soft, additive, 2, 1, [0,1], 200, 1, YX, 0.0, 0.0
3, fisherz, {}, sqrt, 100, soft, additive, 2, 1, [0,1], 200, 2, XY, 0.0, 0.0
3, fisherz, {}, sqrt, 100, soft, additive, 2, 1, [0,1], 200, 2, YX, 0.0, 0.0
3, fisherz, {}, sqrt, 100, soft, additive, 2, 1, [0,1], 200, 3, XY, 0.0, 0.0
3, fisherz, {}, sqrt, 100, soft, additive, 2, 1, [0,1], 200, 3, YX, 0.0, 0.0
3, fisherz, {}, sqrt, 100, soft, additive, 2, 1, [0,1], 200, 4, XY, 0.0, 0.0
3, fisherz, {}, sqrt, 100, soft, additive, 2, 1, [0,1], 200, 4, YX, 0.0, 0.0
3, fisherz, {}, sqrt, 100, soft, additive, 2, 1, [0,1], 200, 5, XY, 0.0, 0.0
3, fisherz, {}, sqrt, 100, soft, additive, 2, 1, [0,1], 200, 5, YX, 0.0, 0.0
3, fisherz, {}, sqrt, 100, soft, additive, 2, 1, [0,1], 200, 6, XY, 0.0, 0.0
3, fisherz, {}, sqrt, 100, soft, additive, 2, 1, [0,1], 200, 6, YX, 0.0, 0.0
3, fisherz, {}, sqrt, 100, soft, additive, 2, 1, [0,1], 200, 7, XY, 0.0, 0.0
3, fisherz, {}, sqrt, 100, soft, additive, 2, 1, [0,1], 200, 7, YX, 0.0, 0.0
3, fisherz, {}, sqrt, 100, soft, additive, 2, 1, [0,1], 200, 8, XY, 0.0, 0.0
3, fisherz, {}, sqrt, 100, soft, additive, 2, 1, [0,1], 200, 8, YX, 0.0, 0.0
3, fisherz, {}, sqrt, 100, soft, additive, 2, 1, [0,1], 200, 9, XY, 0.0, 0.0
3, fisherz, {}, sqrt, 100, soft, additive, 2, 1, [0,1], 200, 9, YX, 0.0, 0.0
